,Player,Games Played,Goals,Assists,Minutes per Goal,Total Minutes Played,Current Market Value,Market Value at Purchase,Age_x,Height_x,Overall,Potential,International Reputation,Weak Foot,Skill Moves,Crossing,Finishing,HeadingAccuracy,ShortPassing,Volleys,Dribbling,Curve,FKAccuracy,LongPassing,BallControl,Acceleration,SprintSpeed,Agility,Reactions,Balance,ShotPower,Jumping,Stamina,Strength,LongShots,Aggression,Interceptions,Positioning,Vision,Penalties,Composure,StandingTackle,SlidingTackle,Best Overall Rating,DefensiveAwareness
0,Kylian Mbappé,26.0,18.0,15.0,122.0,2196.0,176000000.0,132000000.0,23.0,1.78,91.0,95.0,4.0,4.0,5.0,78.0,93.0,72.0,85.0,83.0,93.0,80.0,69.0,71.0,91.0,97.0,97.0,92.0,93.0,83.0,86.0,78.0,88.0,77.0,82.0,62.0,38.0,92.0,82.0,79.0,88.0,34.0,32.0,92.0,26.0
1,Erling Haaland,18.0,21.0,6.0,70.0,1465.0,165000000.0,49500000.0,21.0,1.94,88.0,93.0,4.0,3.0,3.0,47.0,94.0,69.0,77.0,88.0,78.0,77.0,62.0,51.0,85.0,82.0,94.0,75.0,88.0,72.0,94.0,74.0,82.0,93.0,87.0,85.0,43.0,89.0,71.0,76.0,84.0,43.0,30.0,90.0,44.0
3,Mohamed Salah,26.0,23.0,9.0,98.0,2252.0,110000000.0,38500000.0,29.0,1.75,89.0,89.0,4.0,3.0,4.0,79.0,91.0,59.0,84.0,81.0,90.0,83.0,69.0,75.0,89.0,89.0,91.0,91.0,92.0,91.0,82.0,69.0,85.0,75.0,84.0,63.0,55.0,91.0,83.0,86.0,90.0,43.0,41.0,89.0,38.0
4,Harry Kane,28.0,12.0,2.0,187.0,2240.0,110000000.0,550000.0,28.0,1.88,90.0,90.0,4.0,5.0,3.0,80.0,94.0,86.0,85.0,88.0,83.0,83.0,65.0,86.0,85.0,65.0,74.0,71.0,92.0,70.0,91.0,79.0,83.0,85.0,86.0,80.0,44.0,94.0,87.0,91.0,91.0,36.0,38.0,90.0,50.0
6,Romelu Lukaku,22.0,8.0,2.0,179.0,1434.0,110000000.0,110000000.0,28.0,1.91,88.0,88.0,4.0,4.0,3.0,73.0,92.0,89.0,77.0,78.0,83.0,78.0,66.0,70.0,77.0,81.0,87.0,60.0,91.0,52.0,89.0,76.0,71.0,95.0,74.0,71.0,27.0,89.0,75.0,88.0,86.0,41.0,30.0,88.0,30.0
8,Jadon Sancho,23.0,2.0,0.0,624.0,1248.0,93500000.0,110000000.0,21.0,1.8,87.0,91.0,3.0,3.0,5.0,82.0,83.0,38.0,87.0,83.0,92.0,84.0,65.0,70.0,90.0,85.0,78.0,91.0,85.0,90.0,73.0,51.0,77.0,68.0,65.0,44.0,39.0,83.0,87.0,62.0,86.0,39.0,32.0,88.0,32.0
9,Marcus Rashford,15.0,3.0,1.0,282.0,845.0,93500000.0,0.0,24.0,1.85,85.0,89.0,3.0,3.0,5.0,80.0,83.0,68.0,80.0,73.0,86.0,83.0,76.0,71.0,84.0,86.0,93.0,84.0,84.0,75.0,92.0,74.0,86.0,75.0,81.0,73.0,42.0,83.0,81.0,84.0,80.0,38.0,33.0,86.0,45.0
10,Raheem Sterling,26.0,9.0,3.0,182.0,1641.0,93500000.0,44000000.0,27.0,1.7,88.0,89.0,4.0,3.0,4.0,79.0,85.0,46.0,83.0,67.0,87.0,79.0,72.0,69.0,86.0,95.0,88.0,94.0,90.0,93.0,78.0,57.0,79.0,64.0,83.0,59.0,30.0,91.0,82.0,67.0,78.0,53.0,47.0,88.0,47.0
11,Lautaro Martínez,25.0,12.0,2.0,139.0,1665.0,88000000.0,27500000.0,24.0,1.74,85.0,89.0,3.0,4.0,4.0,56.0,85.0,87.0,78.0,88.0,83.0,78.0,43.0,73.0,85.0,86.0,83.0,86.0,89.0,89.0,80.0,88.0,80.0,84.0,74.0,86.0,45.0,86.0,81.0,74.0,83.0,31.0,44.0,87.0,55.0
12,Jack Grealish,22.0,3.0,3.0,529.0,1586.0,88000000.0,71500000.0,26.0,1.8,84.0,85.0,3.0,3.0,4.0,81.0,77.0,36.0,85.0,72.0,89.0,78.0,74.0,82.0,88.0,81.0,79.0,85.0,79.0,84.0,76.0,36.0,80.0,61.0,80.0,60.0,44.0,81.0,85.0,58.0,88.0,49.0,43.0,85.0,48.0
13,Sadio Mané,26.0,10.0,1.0,205.0,2052.0,88000000.0,22000000.0,29.0,1.74,89.0,89.0,4.0,4.0,4.0,78.0,86.0,84.0,84.0,75.0,90.0,77.0,64.0,71.0,88.0,93.0,90.0,93.0,91.0,88.0,83.0,87.0,85.0,72.0,80.0,75.0,35.0,90.0,84.0,71.0,84.0,42.0,38.0,89.0,42.0
15,Heung-min Son,25.0,9.0,5.0,200.0,1804.0,88000000.0,17600000.0,29.0,1.84,89.0,89.0,4.0,5.0,4.0,83.0,88.0,68.0,84.0,78.0,87.0,85.0,74.0,74.0,84.0,85.0,90.0,86.0,91.0,78.0,88.0,60.0,88.0,64.0,89.0,62.0,39.0,91.0,83.0,73.0,89.0,34.0,33.0,89.0,50.0
18,Federico Chiesa,18.0,4.0,4.0,301.0,1204.0,77000000.0,77000000.0,24.0,1.75,83.0,91.0,3.0,4.0,4.0,73.0,79.0,50.0,78.0,80.0,89.0,78.0,52.0,72.0,82.0,91.0,91.0,87.0,83.0,81.0,86.0,53.0,85.0,71.0,84.0,69.0,30.0,81.0,75.0,62.0,78.0,44.0,44.0,85.0,65.0
19,Leroy Sané,27.0,11.0,13.0,168.0,1846.0,77000000.0,88000000.0,26.0,1.83,84.0,87.0,3.0,2.0,4.0,83.0,81.0,72.0,81.0,85.0,87.0,83.0,82.0,64.0,84.0,91.0,89.0,84.0,79.0,79.0,87.0,64.0,68.0,70.0,78.0,63.0,34.0,84.0,82.0,71.0,80.0,32.0,35.0,85.0,36.0
20,Serge Gnabry,26.0,11.0,7.0,136.0,1498.0,77000000.0,22000000.0,26.0,1.76,85.0,86.0,4.0,4.0,4.0,74.0,86.0,42.0,82.0,83.0,88.0,74.0,62.0,78.0,83.0,90.0,77.0,87.0,86.0,88.0,87.0,65.0,78.0,68.0,82.0,63.0,38.0,86.0,83.0,68.0,80.0,44.0,43.0,85.0,45.0
21,Ansu Fati,9.0,5.0,1.0,84.0,420.0,66000000.0,55000000.0,19.0,1.78,76.0,90.0,2.0,4.0,4.0,69.0,80.0,58.0,72.0,59.0,79.0,64.0,45.0,69.0,76.0,90.0,87.0,89.0,74.0,81.0,68.0,73.0,63.0,48.0,70.0,48.0,19.0,69.0,67.0,74.0,76.0,32.0,28.0,77.0,23.0
22,João Félix,18.0,3.0,2.0,309.0,928.0,66000000.0,77000000.0,22.0,1.8,83.0,91.0,2.0,4.0,5.0,73.0,79.0,69.0,80.0,81.0,86.0,82.0,64.0,67.0,87.0,81.0,83.0,86.0,83.0,79.0,80.0,73.0,75.0,64.0,80.0,68.0,38.0,84.0,82.0,68.0,84.0,42.0,35.0,84.0,30.0
24,Victor Osimhen,14.0,9.0,2.0,113.0,1018.0,66000000.0,44000000.0,23.0,1.86,80.0,87.0,2.0,4.0,3.0,64.0,85.0,78.0,69.0,75.0,74.0,63.0,48.0,53.0,77.0,83.0,92.0,77.0,78.0,68.0,78.0,88.0,80.0,82.0,72.0,76.0,34.0,81.0,65.0,75.0,72.0,38.0,19.0,82.0,36.0
25,Gabriel Jesus,24.0,6.0,9.0,247.0,1479.0,66000000.0,17600000.0,24.0,1.75,83.0,87.0,2.0,3.0,4.0,66.0,84.0,77.0,77.0,77.0,86.0,76.0,54.0,66.0,86.0,87.0,82.0,91.0,86.0,87.0,82.0,79.0,79.0,69.0,76.0,73.0,32.0,87.0,77.0,75.0,79.0,30.0,28.0,85.0,45.0
26,Diogo Jota,25.0,12.0,2.0,149.0,1792.0,66000000.0,30800000.0,25.0,1.78,82.0,87.0,2.0,5.0,4.0,71.0,84.0,77.0,75.0,78.0,85.0,77.0,58.0,71.0,85.0,88.0,81.0,87.0,84.0,86.0,84.0,76.0,81.0,71.0,75.0,85.0,56.0,85.0,75.0,63.0,83.0,57.0,45.0,84.0,54.0
27,Lionel Messi,16.0,6.0,5.0,219.0,1315.0,66000000.0,88000000.0,34.0,1.69,93.0,93.0,5.0,4.0,4.0,85.0,95.0,70.0,91.0,88.0,96.0,93.0,94.0,91.0,96.0,91.0,80.0,91.0,94.0,95.0,86.0,68.0,72.0,69.0,94.0,44.0,40.0,93.0,95.0,75.0,96.0,35.0,24.0,93.0,20.0
28,Richarlison,12.0,4.0,2.0,231.0,924.0,60500000.0,27500000.0,24.0,1.84,82.0,87.0,3.0,5.0,4.0,73.0,80.0,83.0,79.0,75.0,86.0,74.0,65.0,61.0,83.0,85.0,81.0,79.0,82.0,73.0,83.0,86.0,83.0,77.0,70.0,84.0,46.0,83.0,74.0,77.0,81.0,58.0,48.0,85.0,45.0
29,Kingsley Coman,17.0,5.0,2.0,181.0,905.0,60500000.0,22000000.0,25.0,1.8,86.0,87.0,4.0,3.0,4.0,79.0,75.0,61.0,80.0,77.0,89.0,83.0,70.0,74.0,88.0,94.0,93.0,91.0,85.0,84.0,80.0,73.0,69.0,64.0,73.0,35.0,23.0,85.0,81.0,70.0,78.0,27.0,21.0,86.0,29.0
30,Jonathan David,27.0,16.0,0.0,128.0,2050.0,55000000.0,27500000.0,22.0,1.8,78.0,86.0,2.0,5.0,3.0,67.0,80.0,72.0,78.0,71.0,79.0,58.0,48.0,70.0,78.0,83.0,87.0,77.0,74.0,71.0,75.0,86.0,85.0,75.0,70.0,33.0,17.0,80.0,73.0,75.0,81.0,21.0,19.0,80.0,21.0
32,Mason Greenwood,22.0,5.0,2.0,309.0,1547.0,55000000.0,0.0,20.0,1.81,78.0,89.0,1.0,5.0,3.0,72.0,77.0,65.0,76.0,68.0,81.0,75.0,65.0,69.0,78.0,83.0,84.0,81.0,77.0,76.0,83.0,67.0,74.0,69.0,78.0,59.0,34.0,79.0,73.0,67.0,76.0,39.0,33.0,79.0,35.0
33,Paulo Dybala,20.0,9.0,4.0,149.0,1343.0,55000000.0,30800000.0,28.0,1.77,87.0,88.0,3.0,3.0,4.0,82.0,85.0,59.0,87.0,88.0,90.0,90.0,88.0,79.0,93.0,88.0,80.0,92.0,80.0,94.0,84.0,75.0,70.0,61.0,89.0,43.0,42.0,82.0,91.0,84.0,79.0,41.0,39.0,89.0,32.0
34,Timo Werner,18.0,6.0,2.0,179.0,1072.0,55000000.0,70400000.0,25.0,1.8,84.0,87.0,3.0,4.0,3.0,69.0,81.0,76.0,79.0,84.0,82.0,70.0,58.0,55.0,84.0,93.0,89.0,82.0,87.0,76.0,85.0,75.0,83.0,65.0,77.0,63.0,37.0,88.0,68.0,78.0,79.0,20.0,19.0,86.0,39.0
35,Antoine Griezmann,22.0,8.0,3.0,184.0,1468.0,55000000.0,55000000.0,30.0,1.76,85.0,85.0,4.0,3.0,4.0,83.0,84.0,83.0,84.0,86.0,85.0,86.0,85.0,82.0,89.0,80.0,80.0,92.0,89.0,83.0,82.0,90.0,86.0,63.0,83.0,73.0,49.0,89.0,85.0,79.0,90.0,54.0,49.0,86.0,43.0
36,Robert Lewandowski,27.0,34.0,3.0,68.0,2325.0,55000000.0,55000000.0,33.0,1.85,92.0,92.0,5.0,4.0,4.0,71.0,95.0,90.0,85.0,89.0,85.0,79.0,85.0,70.0,88.0,77.0,79.0,77.0,93.0,82.0,90.0,85.0,76.0,86.0,87.0,81.0,49.0,95.0,81.0,90.0,88.0,42.0,19.0,92.0,35.0
37,Amine Gouiri,22.0,9.0,6.0,189.0,1699.0,49500000.0,4400000.0,21.0,1.8,78.0,85.0,2.0,3.0,4.0,76.0,81.0,64.0,79.0,76.0,81.0,78.0,74.0,69.0,79.0,82.0,77.0,77.0,77.0,73.0,78.0,70.0,74.0,72.0,79.0,61.0,44.0,81.0,76.0,75.0,77.0,41.0,32.0,81.0,45.0
38,Ferran Torres,8.0,3.0,1.0,189.0,567.0,49500000.0,49500000.0,21.0,1.82,82.0,90.0,1.0,4.0,4.0,77.0,81.0,73.0,80.0,74.0,84.0,71.0,60.0,78.0,81.0,87.0,78.0,82.0,81.0,76.0,79.0,75.0,73.0,70.0,76.0,45.0,34.0,84.0,84.0,66.0,82.0,24.0,28.0,84.0,35.0
42,Moussa Diaby,25.0,8.0,8.0,259.0,2069.0,49500000.0,13200000.0,22.0,1.7,81.0,88.0,2.0,2.0,4.0,75.0,73.0,28.0,78.0,63.0,87.0,66.0,41.0,70.0,82.0,96.0,92.0,92.0,77.0,93.0,73.0,62.0,70.0,44.0,54.0,51.0,48.0,77.0,76.0,42.0,75.0,35.0,46.0,82.0,46.0
44,Christian Pulisic,19.0,3.0,3.0,352.0,1057.0,49500000.0,66000000.0,23.0,1.77,82.0,88.0,3.0,4.0,4.0,74.0,73.0,50.0,77.0,70.0,88.0,69.0,58.0,59.0,85.0,91.0,87.0,87.0,78.0,88.0,77.0,79.0,76.0,54.0,57.0,45.0,33.0,79.0,80.0,61.0,80.0,32.0,47.0,83.0,38.0
45,Dominic Calvert-Lewin,5.0,3.0,0.0,143.0,430.0,49500000.0,110000.0,24.0,1.89,81.0,85.0,2.0,3.0,3.0,65.0,82.0,89.0,72.0,73.0,76.0,64.0,54.0,47.0,80.0,76.0,89.0,72.0,81.0,65.0,79.0,91.0,80.0,83.0,65.0,78.0,35.0,84.0,64.0,77.0,76.0,31.0,23.0,83.0,38.0
46,Memphis Depay,23.0,8.0,2.0,243.0,1946.0,49500000.0,49500000.0,27.0,1.76,85.0,86.0,3.0,3.0,5.0,84.0,83.0,65.0,81.0,74.0,86.0,85.0,83.0,76.0,85.0,81.0,83.0,80.0,83.0,81.0,87.0,69.0,79.0,83.0,83.0,72.0,28.0,85.0,85.0,76.0,80.0,31.0,20.0,85.0,23.0
47,Youssef En-Nesyri,10.0,3.0,2.0,185.0,555.0,44000000.0,13200000.0,24.0,1.89,82.0,86.0,2.0,4.0,3.0,48.0,89.0,84.0,69.0,76.0,84.0,63.0,47.0,58.0,79.0,74.0,81.0,68.0,80.0,47.0,83.0,83.0,76.0,76.0,75.0,76.0,31.0,82.0,52.0,67.0,74.0,31.0,27.0,84.0,27.0
48,Rodrygo,23.0,2.0,5.0,502.0,1003.0,44000000.0,44000000.0,21.0,1.74,79.0,88.0,1.0,4.0,4.0,71.0,80.0,62.0,74.0,67.0,84.0,80.0,73.0,60.0,80.0,88.0,86.0,87.0,76.0,85.0,71.0,73.0,81.0,42.0,71.0,54.0,21.0,82.0,71.0,74.0,82.0,36.0,32.0,80.0,25.0
49,Raphinha,18.0,8.0,1.0,186.0,1486.0,44000000.0,17600000.0,25.0,1.75,82.0,87.0,2.0,4.0,4.0,78.0,74.0,45.0,76.0,72.0,86.0,81.0,75.0,70.0,83.0,90.0,91.0,88.0,82.0,79.0,81.0,74.0,84.0,64.0,76.0,76.0,55.0,81.0,77.0,73.0,78.0,54.0,38.0,83.0,45.0
50,Arnaut Danjuma,18.0,9.0,3.0,142.0,1274.0,44000000.0,16500000.0,24.0,1.78,76.0,80.0,1.0,4.0,4.0,72.0,74.0,44.0,71.0,55.0,80.0,76.0,57.0,64.0,78.0,85.0,81.0,80.0,72.0,74.0,79.0,61.0,74.0,69.0,75.0,55.0,32.0,71.0,70.0,44.0,73.0,52.0,47.0,77.0,35.0
51,Alexander Isak,24.0,8.0,2.0,202.0,1614.0,44000000.0,8800000.0,22.0,1.92,82.0,86.0,2.0,5.0,4.0,61.0,83.0,77.0,79.0,83.0,79.0,70.0,57.0,47.0,82.0,82.0,85.0,79.0,81.0,66.0,84.0,71.0,70.0,75.0,77.0,52.0,29.0,86.0,76.0,75.0,77.0,21.0,18.0,84.0,25.0
52,Hirving Lozano,26.0,3.0,3.0,458.0,1374.0,44000000.0,44000000.0,26.0,1.75,81.0,82.0,3.0,3.0,4.0,73.0,77.0,62.0,74.0,74.0,83.0,72.0,65.0,65.0,80.0,92.0,93.0,89.0,81.0,82.0,76.0,67.0,76.0,54.0,75.0,64.0,45.0,82.0,74.0,73.0,75.0,35.0,29.0,81.0,42.0
53,Marco Asensio,23.0,7.0,1.0,149.0,1044.0,44000000.0,8800000.0,25.0,1.82,83.0,86.0,3.0,3.0,4.0,81.0,77.0,57.0,81.0,79.0,84.0,84.0,76.0,80.0,86.0,83.0,81.0,80.0,78.0,75.0,86.0,58.0,76.0,63.0,83.0,45.0,45.0,80.0,81.0,62.0,82.0,42.0,39.0,85.0,40.0
55,Patrik Schick,20.0,18.0,3.0,78.0,1412.0,44000000.0,27500000.0,25.0,1.91,79.0,82.0,3.0,2.0,4.0,64.0,81.0,80.0,77.0,74.0,80.0,78.0,56.0,62.0,83.0,71.0,70.0,83.0,78.0,67.0,77.0,71.0,64.0,74.0,79.0,59.0,25.0,81.0,69.0,65.0,73.0,24.0,19.0,82.0,44.0
56,Gerard Moreno,17.0,11.0,4.0,119.0,1313.0,44000000.0,22000000.0,29.0,1.8,86.0,86.0,2.0,4.0,3.0,77.0,89.0,82.0,81.0,81.0,86.0,75.0,62.0,75.0,85.0,80.0,78.0,77.0,89.0,70.0,83.0,76.0,79.0,75.0,83.0,61.0,42.0,87.0,78.0,85.0,78.0,41.0,41.0,86.0,44.0
58,Riyad Mahrez,25.0,13.0,5.0,124.0,1613.0,44000000.0,55000000.0,30.0,1.79,86.0,86.0,3.0,4.0,5.0,81.0,82.0,48.0,83.0,76.0,91.0,85.0,78.0,75.0,91.0,84.0,79.0,92.0,81.0,88.0,80.0,56.0,75.0,57.0,80.0,48.0,39.0,80.0,84.0,70.0,84.0,31.0,22.0,86.0,45.0
59,Wilfried Zaha,18.0,5.0,1.0,297.0,1483.0,44000000.0,8800000.0,29.0,1.8,82.0,82.0,2.0,3.0,5.0,76.0,78.0,47.0,76.0,67.0,91.0,64.0,51.0,65.0,86.0,88.0,90.0,87.0,76.0,79.0,82.0,58.0,75.0,77.0,72.0,72.0,32.0,76.0,76.0,72.0,80.0,34.0,32.0,82.0,30.0
60,Yannick Carrasco,27.0,2.0,5.0,1061.0,2121.0,44000000.0,24750000.0,28.0,1.81,84.0,84.0,3.0,4.0,4.0,81.0,81.0,53.0,79.0,70.0,88.0,81.0,79.0,73.0,85.0,89.0,88.0,87.0,80.0,73.0,85.0,71.0,80.0,61.0,82.0,65.0,43.0,80.0,77.0,81.0,79.0,47.0,35.0,84.0,44.0
61,Pedro Gonçalves,23.0,11.0,9.0,157.0,1725.0,41800000.0,7700000.0,23.0,1.73,81.0,88.0,1.0,4.0,4.0,75.0,84.0,40.0,83.0,79.0,83.0,77.0,72.0,78.0,84.0,77.0,76.0,83.0,84.0,87.0,81.0,43.0,85.0,58.0,76.0,64.0,66.0,84.0,81.0,74.0,86.0,57.0,50.0,84.0,57.0
62,Tammy Abraham,27.0,14.0,3.0,146.0,2041.0,41800000.0,41800000.0,24.0,1.94,78.0,86.0,2.0,3.0,3.0,50.0,82.0,80.0,77.0,77.0,72.0,50.0,42.0,46.0,77.0,61.0,77.0,61.0,79.0,53.0,78.0,70.0,69.0,79.0,68.0,49.0,22.0,80.0,67.0,74.0,73.0,23.0,15.0,80.0,35.0
64,André Silva,27.0,11.0,5.0,161.0,1773.0,41800000.0,49500000.0,26.0,1.85,75.0,75.0,1.0,4.0,4.0,72.0,66.0,65.0,74.0,52.0,76.0,70.0,67.0,69.0,73.0,87.0,88.0,84.0,73.0,83.0,70.0,76.0,91.0,64.0,67.0,75.0,66.0,74.0,73.0,80.0,71.0,68.0,65.0,76.0,69.0
70,Roberto Firmino,17.0,7.0,3.0,112.0,786.0,41800000.0,27500000.0,30.0,1.81,85.0,85.0,3.0,4.0,5.0,73.0,78.0,78.0,84.0,83.0,89.0,81.0,65.0,76.0,90.0,77.0,77.0,85.0,86.0,86.0,79.0,81.0,87.0,74.0,76.0,75.0,58.0,82.0,83.0,72.0,88.0,64.0,42.0,85.0,55.0
71,Antony,19.0,8.0,5.0,170.0,1358.0,38500000.0,19800000.0,21.0,1.72,79.0,88.0,2.0,3.0,5.0,70.0,75.0,45.0,73.0,67.0,84.0,74.0,75.0,62.0,84.0,93.0,90.0,92.0,74.0,85.0,69.0,57.0,78.0,57.0,69.0,72.0,39.0,74.0,77.0,65.0,78.0,37.0,21.0,80.0,38.0
73,Karim Adeyemi,28.0,18.0,4.0,110.0,1972.0,38500000.0,8250000.0,19.0,1.8,72.0,86.0,1.0,3.0,4.0,63.0,75.0,58.0,69.0,69.0,77.0,67.0,59.0,64.0,75.0,93.0,92.0,88.0,68.0,81.0,72.0,88.0,69.0,62.0,73.0,46.0,23.0,67.0,68.0,73.0,72.0,19.0,25.0,75.0,18.0
74,Rafael Leão,22.0,7.0,5.0,219.0,1535.0,38500000.0,16500000.0,22.0,1.88,77.0,82.0,1.0,4.0,4.0,70.0,74.0,58.0,72.0,65.0,84.0,72.0,58.0,60.0,80.0,86.0,90.0,74.0,70.0,59.0,78.0,62.0,68.0,76.0,69.0,60.0,24.0,74.0,68.0,63.0,76.0,24.0,21.0,78.0,22.0
75,Ollie Watkins,18.0,5.0,1.0,308.0,1541.0,38500000.0,13200000.0,26.0,1.8,78.0,83.0,2.0,4.0,3.0,67.0,80.0,81.0,70.0,64.0,75.0,63.0,56.0,59.0,76.0,79.0,89.0,79.0,77.0,73.0,75.0,92.0,88.0,76.0,71.0,34.0,44.0,79.0,74.0,60.0,66.0,46.0,36.0,80.0,40.0
76,Emiliano Buendía,20.0,1.0,3.0,1319.0,1319.0,38500000.0,38500000.0,25.0,1.72,79.0,84.0,3.0,4.0,4.0,76.0,73.0,57.0,82.0,68.0,81.0,78.0,74.0,79.0,83.0,75.0,72.0,80.0,76.0,87.0,80.0,45.0,68.0,63.0,72.0,83.0,60.0,73.0,84.0,49.0,77.0,68.0,61.0,82.0,67.0
77,Jarrod Bowen,30.0,8.0,10.0,288.0,2300.0,38500000.0,11000000.0,25.0,1.82,78.0,83.0,1.0,3.0,4.0,76.0,78.0,64.0,73.0,56.0,80.0,71.0,70.0,67.0,78.0,78.0,75.0,79.0,77.0,82.0,71.0,63.0,78.0,62.0,76.0,56.0,37.0,79.0,74.0,70.0,72.0,40.0,36.0,79.0,49.0
78,Domenico Berardi,19.0,10.0,9.0,166.0,1660.0,38500000.0,19250000.0,27.0,1.83,82.0,82.0,2.0,3.0,4.0,77.0,80.0,62.0,85.0,78.0,83.0,78.0,75.0,79.0,88.0,81.0,77.0,90.0,77.0,82.0,83.0,65.0,70.0,63.0,80.0,85.0,26.0,79.0,81.0,76.0,78.0,30.0,30.0,82.0,42.0
79,Lorenzo Insigne,20.0,5.0,6.0,286.0,1431.0,38500000.0,38500000.0,30.0,1.63,86.0,86.0,4.0,4.0,4.0,77.0,76.0,59.0,87.0,74.0,90.0,87.0,86.0,84.0,93.0,90.0,84.0,89.0,79.0,93.0,76.0,50.0,74.0,34.0,82.0,34.0,26.0,81.0,89.0,87.0,81.0,24.0,22.0,86.0,53.0
81,Cristiano Ronaldo,22.0,14.0,3.0,126.0,1760.0,38500000.0,49500000.0,36.0,1.87,91.0,91.0,5.0,4.0,5.0,87.0,95.0,90.0,80.0,86.0,88.0,81.0,84.0,77.0,88.0,85.0,88.0,86.0,94.0,74.0,94.0,95.0,77.0,77.0,93.0,63.0,29.0,95.0,76.0,88.0,95.0,32.0,24.0,91.0,24.0
82,Nicolò Zaniolo,23.0,3.0,3.0,530.0,1591.0,36300000.0,1100000.0,22.0,1.9,78.0,87.0,2.0,3.0,3.0,64.0,76.0,60.0,77.0,60.0,80.0,65.0,60.0,68.0,81.0,82.0,84.0,78.0,78.0,81.0,79.0,65.0,74.0,88.0,72.0,80.0,60.0,80.0,76.0,60.0,70.0,59.0,58.0,80.0,64.0
83,Duván Zapata,22.0,12.0,7.0,139.0,1667.0,36300000.0,49500000.0,30.0,1.89,83.0,83.0,2.0,4.0,3.0,44.0,88.0,83.0,74.0,79.0,79.0,55.0,62.0,47.0,82.0,78.0,81.0,67.0,82.0,58.0,86.0,80.0,75.0,93.0,64.0,72.0,20.0,86.0,66.0,70.0,82.0,24.0,22.0,83.0,44.0
84,Darwin Núñez,24.0,19.0,2.0,80.0,1512.0,35200000.0,11000000.0,22.0,1.87,76.0,85.0,1.0,3.0,3.0,67.0,75.0,73.0,74.0,67.0,72.0,64.0,61.0,52.0,75.0,85.0,83.0,77.0,78.0,54.0,83.0,73.0,86.0,86.0,70.0,81.0,41.0,74.0,76.0,74.0,77.0,37.0,30.0,78.0,34.0
85,Callum Hudson-Odoi,23.0,3.0,4.0,499.0,1496.0,35200000.0,0.0,21.0,1.77,77.0,87.0,2.0,3.0,4.0,75.0,70.0,53.0,77.0,59.0,83.0,73.0,71.0,69.0,80.0,87.0,78.0,85.0,70.0,78.0,67.0,64.0,66.0,58.0,65.0,50.0,32.0,70.0,73.0,55.0,69.0,39.0,38.0,78.0,43.0
86,Leon Bailey,9.0,1.0,2.0,423.0,423.0,35200000.0,38500000.0,24.0,1.78,82.0,86.0,3.0,4.0,4.0,74.0,79.0,57.0,73.0,74.0,86.0,79.0,79.0,66.0,82.0,93.0,93.0,86.0,80.0,84.0,79.0,77.0,75.0,61.0,78.0,55.0,21.0,81.0,80.0,71.0,75.0,25.0,18.0,84.0,45.0
87,Moise Kean,23.0,4.0,0.0,208.0,830.0,35200000.0,35200000.0,21.0,1.83,79.0,87.0,2.0,3.0,3.0,48.0,81.0,76.0,68.0,72.0,80.0,67.0,44.0,39.0,76.0,84.0,85.0,75.0,74.0,79.0,84.0,76.0,71.0,85.0,66.0,57.0,31.0,81.0,58.0,65.0,72.0,36.0,30.0,81.0,40.0
88,Allan Saint-Maximin,22.0,5.0,3.0,363.0,1814.0,35200000.0,27500000.0,24.0,1.73,79.0,84.0,2.0,4.0,5.0,70.0,65.0,53.0,74.0,59.0,91.0,73.0,58.0,64.0,83.0,93.0,90.0,93.0,74.0,87.0,80.0,73.0,74.0,63.0,70.0,36.0,17.0,72.0,71.0,58.0,80.0,18.0,23.0,80.0,28.0
89,Ivan Toney,21.0,5.0,3.0,348.0,1742.0,35200000.0,440000.0,25.0,1.85,76.0,80.0,1.0,3.0,3.0,54.0,80.0,78.0,62.0,76.0,68.0,61.0,56.0,56.0,73.0,80.0,80.0,82.0,77.0,70.0,73.0,89.0,79.0,81.0,65.0,80.0,49.0,79.0,63.0,80.0,77.0,48.0,42.0,78.0,38.0
90,Anthony Martial,10.0,1.0,0.0,359.0,359.0,35200000.0,8800000.0,26.0,1.81,81.0,84.0,3.0,4.0,4.0,73.0,80.0,71.0,78.0,76.0,88.0,84.0,54.0,60.0,86.0,87.0,87.0,82.0,79.0,79.0,83.0,73.0,68.0,74.0,76.0,54.0,34.0,79.0,77.0,80.0,78.0,33.0,31.0,84.0,26.0
91,Yéremy Pino,26.0,3.0,4.0,506.0,1517.0,33000000.0,0.0,19.0,1.72,73.0,84.0,1.0,4.0,3.0,69.0,70.0,46.0,72.0,62.0,75.0,67.0,60.0,68.0,73.0,73.0,70.0,73.0,68.0,77.0,63.0,38.0,70.0,32.0,64.0,51.0,29.0,70.0,74.0,47.0,56.0,28.0,28.0,74.0,31.0
92,Matheus Cunha,22.0,4.0,2.0,163.0,653.0,33000000.0,33000000.0,22.0,1.84,79.0,86.0,2.0,4.0,4.0,75.0,78.0,64.0,76.0,75.0,86.0,77.0,64.0,67.0,83.0,84.0,86.0,85.0,78.0,78.0,77.0,74.0,75.0,66.0,79.0,67.0,20.0,79.0,75.0,74.0,82.0,28.0,32.0,81.0,29.0
93,Dejan Kulusevski,24.0,2.0,3.0,433.0,865.0,33000000.0,44000000.0,21.0,1.86,81.0,89.0,2.0,3.0,4.0,80.0,70.0,54.0,79.0,80.0,85.0,83.0,61.0,69.0,87.0,85.0,83.0,77.0,80.0,73.0,74.0,66.0,85.0,77.0,83.0,67.0,55.0,77.0,78.0,65.0,83.0,64.0,58.0,83.0,50.0
94,Nicolas Pépé,12.0,2.0,5.0,386.0,771.0,33000000.0,71500000.0,26.0,1.83,81.0,82.0,2.0,2.0,4.0,77.0,79.0,57.0,76.0,70.0,85.0,81.0,79.0,66.0,81.0,88.0,88.0,88.0,77.0,79.0,81.0,66.0,77.0,68.0,78.0,43.0,33.0,77.0,76.0,85.0,77.0,34.0,30.0,81.0,36.0
95,Donyell Malen,26.0,6.0,2.0,266.0,1593.0,33000000.0,33000000.0,22.0,1.78,80.0,85.0,2.0,3.0,4.0,71.0,82.0,69.0,75.0,74.0,83.0,74.0,61.0,64.0,83.0,90.0,90.0,84.0,81.0,83.0,79.0,77.0,79.0,75.0,72.0,62.0,31.0,80.0,77.0,74.0,76.0,24.0,16.0,82.0,27.0
96,Ousmane Dembélé,11.0,1.0,2.0,684.0,684.0,33000000.0,36300000.0,24.0,1.78,83.0,88.0,3.0,5.0,5.0,81.0,75.0,43.0,78.0,76.0,89.0,82.0,64.0,76.0,84.0,94.0,93.0,89.0,78.0,80.0,83.0,58.0,68.0,51.0,76.0,54.0,36.0,77.0,76.0,75.0,80.0,30.0,33.0,85.0,42.0
97,Joaquín Correa,18.0,4.0,1.0,165.0,660.0,33000000.0,33000000.0,27.0,1.88,81.0,82.0,1.0,4.0,4.0,74.0,77.0,68.0,81.0,75.0,88.0,81.0,63.0,74.0,86.0,81.0,87.0,83.0,80.0,67.0,79.0,63.0,76.0,74.0,71.0,48.0,36.0,79.0,78.0,57.0,73.0,37.0,26.0,82.0,39.0
99,Gonçalo Guedes,21.0,7.0,4.0,221.0,1549.0,33000000.0,44000000.0,25.0,1.79,81.0,86.0,2.0,4.0,4.0,81.0,76.0,58.0,76.0,71.0,83.0,76.0,70.0,69.0,81.0,85.0,87.0,84.0,79.0,75.0,84.0,63.0,74.0,68.0,84.0,64.0,50.0,77.0,76.0,69.0,78.0,34.0,30.0,81.0,24.0
100,Lucas Ocampos,24.0,7.0,4.0,253.0,1770.0,33000000.0,16500000.0,27.0,1.87,83.0,83.0,2.0,3.0,4.0,79.0,86.0,77.0,80.0,81.0,85.0,80.0,65.0,72.0,84.0,80.0,82.0,79.0,85.0,61.0,84.0,80.0,91.0,81.0,80.0,82.0,72.0,84.0,79.0,79.0,82.0,61.0,55.0,83.0,58.0
101,Sébastien Haller,24.0,22.0,6.0,90.0,1971.0,33000000.0,33000000.0,27.0,1.9,80.0,81.0,3.0,3.0,3.0,42.0,82.0,85.0,74.0,83.0,74.0,57.0,46.0,49.0,79.0,58.0,73.0,67.0,80.0,52.0,81.0,82.0,69.0,91.0,65.0,70.0,36.0,81.0,75.0,88.0,81.0,61.0,55.0,80.0,39.0
102,Ciro Immobile,23.0,18.0,2.0,105.0,1889.0,33000000.0,11000000.0,31.0,1.85,87.0,87.0,4.0,4.0,3.0,55.0,91.0,81.0,80.0,85.0,80.0,70.0,51.0,53.0,83.0,84.0,87.0,75.0,90.0,85.0,86.0,82.0,78.0,76.0,80.0,77.0,40.0,91.0,71.0,88.0,79.0,33.0,32.0,87.0,34.0
103,Gabriel Martinelli,19.0,4.0,3.0,289.0,1157.0,30800000.0,0.0,20.0,1.76,76.0,88.0,1.0,3.0,3.0,72.0,74.0,72.0,70.0,61.0,78.0,70.0,49.0,50.0,77.0,88.0,86.0,83.0,74.0,79.0,68.0,55.0,76.0,61.0,60.0,75.0,37.0,74.0,72.0,60.0,73.0,40.0,43.0,77.0,44.0
104,Bryan Gil,19.0,0.0,1.0,0.0,755.0,30800000.0,33000000.0,20.0,1.75,76.0,86.0,1.0,3.0,3.0,77.0,73.0,34.0,74.0,62.0,82.0,68.0,72.0,69.0,78.0,79.0,77.0,89.0,76.0,81.0,64.0,51.0,46.0,30.0,60.0,32.0,21.0,79.0,69.0,47.0,82.0,29.0,22.0,77.0,25.0
105,Dominik Szoboszlai,23.0,8.0,5.0,171.0,1368.0,30800000.0,27500000.0,21.0,1.87,77.0,87.0,1.0,4.0,4.0,78.0,73.0,58.0,78.0,79.0,80.0,88.0,87.0,77.0,83.0,78.0,79.0,78.0,73.0,61.0,84.0,69.0,74.0,69.0,84.0,40.0,32.0,63.0,78.0,79.0,80.0,30.0,25.0,79.0,35.0
106,Marcus Thuram,13.0,0.0,0.0,0.0,473.0,30800000.0,9900000.0,24.0,1.92,79.0,85.0,2.0,3.0,3.0,74.0,80.0,80.0,75.0,70.0,84.0,66.0,30.0,62.0,79.0,79.0,84.0,73.0,81.0,57.0,82.0,71.0,79.0,87.0,75.0,50.0,45.0,80.0,76.0,70.0,74.0,49.0,37.0,82.0,43.0
107,Rafa Silva,31.0,11.0,14.0,205.0,2258.0,30800000.0,16500000.0,28.0,1.7,73.0,73.0,1.0,3.0,3.0,65.0,77.0,65.0,72.0,64.0,77.0,59.0,47.0,61.0,74.0,82.0,88.0,71.0,62.0,70.0,71.0,66.0,70.0,71.0,70.0,62.0,25.0,74.0,74.0,71.0,65.0,26.0,35.0,74.0,25.0
110,Adama Traoré,22.0,1.0,0.0,1167.0,1167.0,30800000.0,8800000.0,25.0,1.78,73.0,76.0,1.0,5.0,4.0,71.0,57.0,58.0,75.0,56.0,76.0,73.0,71.0,72.0,75.0,76.0,77.0,79.0,70.0,69.0,71.0,70.0,77.0,68.0,69.0,65.0,63.0,70.0,73.0,53.0,69.0,61.0,58.0,75.0,60.0
115,Andrea Belotti,10.0,2.0,1.0,260.0,519.0,30800000.0,5500000.0,28.0,1.81,81.0,82.0,3.0,5.0,3.0,42.0,88.0,84.0,71.0,82.0,78.0,64.0,56.0,48.0,77.0,74.0,78.0,75.0,81.0,77.0,81.0,83.0,78.0,85.0,67.0,83.0,31.0,86.0,61.0,77.0,81.0,23.0,32.0,82.0,44.0
116,Wissam Ben Yedder,30.0,15.0,4.0,121.0,1816.0,30800000.0,44000000.0,31.0,1.7,84.0,84.0,2.0,5.0,4.0,74.0,88.0,74.0,82.0,84.0,87.0,82.0,76.0,66.0,87.0,83.0,81.0,91.0,86.0,91.0,84.0,78.0,75.0,69.0,74.0,62.0,44.0,90.0,80.0,85.0,85.0,33.0,26.0,85.0,34.0
117,Mauro Icardi,21.0,5.0,0.0,204.0,1018.0,30800000.0,66000000.0,28.0,1.81,83.0,83.0,3.0,4.0,3.0,47.0,87.0,85.0,76.0,85.0,76.0,76.0,52.0,54.0,80.0,70.0,68.0,68.0,84.0,75.0,85.0,91.0,67.0,73.0,71.0,58.0,22.0,91.0,72.0,82.0,83.0,24.0,20.0,83.0,45.0
118,Ismaïla Sarr,12.0,5.0,0.0,206.0,1032.0,29700000.0,33000000.0,23.0,1.85,78.0,86.0,1.0,2.0,4.0,68.0,75.0,44.0,69.0,76.0,82.0,78.0,55.0,59.0,79.0,94.0,94.0,78.0,76.0,74.0,82.0,48.0,73.0,71.0,78.0,53.0,17.0,73.0,68.0,58.0,78.0,16.0,21.0,78.0,25.0
120,Matteo Politano,24.0,2.0,5.0,606.0,1212.0,29700000.0,33000000.0,28.0,1.71,81.0,81.0,2.0,4.0,4.0,80.0,76.0,40.0,79.0,75.0,83.0,79.0,77.0,76.0,84.0,84.0,82.0,89.0,81.0,87.0,78.0,51.0,77.0,41.0,82.0,63.0,38.0,76.0,77.0,70.0,79.0,29.0,29.0,81.0,63.0
121,Jérémy Doku,10.0,2.0,0.0,204.0,408.0,27500000.0,9900000.0,19.0,1.71,77.0,88.0,3.0,3.0,4.0,68.0,67.0,37.0,72.0,54.0,86.0,60.0,44.0,59.0,78.0,94.0,90.0,95.0,75.0,88.0,73.0,76.0,70.0,68.0,59.0,58.0,18.0,74.0,73.0,51.0,72.0,28.0,25.0,79.0,22.0
122,Noa Lang,30.0,8.0,11.0,317.0,2539.0,27500000.0,24200000.0,22.0,1.79,78.0,85.0,1.0,3.0,4.0,66.0,76.0,48.0,78.0,80.0,84.0,69.0,57.0,67.0,80.0,85.0,80.0,85.0,76.0,82.0,72.0,67.0,76.0,63.0,69.0,65.0,57.0,75.0,76.0,71.0,82.0,53.0,43.0,80.0,47.0
124,Ridle Baku,26.0,4.0,2.0,480.0,1919.0,27500000.0,7700000.0,23.0,1.76,80.0,85.0,2.0,4.0,3.0,79.0,74.0,49.0,74.0,63.0,83.0,64.0,45.0,69.0,78.0,83.0,85.0,82.0,78.0,87.0,77.0,73.0,91.0,73.0,73.0,74.0,74.0,76.0,75.0,51.0,76.0,70.0,75.0,81.0,74.0
125,Saïd Benrahma,28.0,8.0,4.0,224.0,1795.0,27500000.0,24200000.0,26.0,1.72,77.0,80.0,1.0,4.0,4.0,74.0,72.0,47.0,75.0,64.0,82.0,73.0,69.0,64.0,81.0,79.0,76.0,85.0,73.0,78.0,75.0,56.0,69.0,49.0,73.0,52.0,40.0,75.0,77.0,69.0,74.0,32.0,23.0,79.0,45.0
126,Viktor Tsygankov,25.0,11.0,4.0,187.0,2055.0,27500000.0,0.0,24.0,1.78,80.0,86.0,2.0,4.0,4.0,77.0,75.0,45.0,80.0,68.0,80.0,72.0,76.0,73.0,81.0,84.0,85.0,82.0,78.0,73.0,70.0,50.0,74.0,49.0,74.0,57.0,39.0,75.0,80.0,73.0,76.0,36.0,37.0,81.0,62.0
127,Iñaki Williams,22.0,5.0,2.0,349.0,1747.0,27500000.0,5500000.0,27.0,1.86,81.0,82.0,2.0,2.0,4.0,76.0,77.0,73.0,74.0,74.0,81.0,76.0,53.0,66.0,76.0,93.0,94.0,78.0,82.0,62.0,85.0,88.0,83.0,82.0,77.0,75.0,21.0,85.0,73.0,64.0,81.0,34.0,29.0,82.0,42.0
129,Pablo Sarabia,25.0,8.0,5.0,195.0,1560.0,27500000.0,27500000.0,29.0,1.74,80.0,80.0,2.0,4.0,4.0,81.0,77.0,61.0,83.0,64.0,83.0,84.0,74.0,78.0,83.0,73.0,72.0,78.0,79.0,80.0,75.0,31.0,71.0,59.0,77.0,49.0,58.0,81.0,83.0,69.0,76.0,54.0,49.0,81.0,60.0
130,Thomas Müller,28.0,8.0,20.0,279.0,2230.0,27500000.0,825000.0,32.0,1.85,87.0,87.0,4.0,4.0,3.0,85.0,88.0,81.0,85.0,84.0,77.0,81.0,59.0,79.0,84.0,66.0,67.0,73.0,94.0,71.0,78.0,77.0,86.0,66.0,82.0,62.0,58.0,96.0,85.0,70.0,84.0,57.0,46.0,87.0,47.0
131,Karim Benzema,26.0,23.0,9.0,96.0,2211.0,27500000.0,31900000.0,34.0,1.84,89.0,89.0,4.0,4.0,4.0,75.0,90.0,89.0,86.0,86.0,87.0,81.0,73.0,73.0,90.0,77.0,75.0,79.0,91.0,72.0,85.0,79.0,78.0,82.0,79.0,63.0,39.0,90.0,87.0,84.0,90.0,24.0,18.0,89.0,43.0
132,Nicolás González,18.0,3.0,5.0,394.0,1181.0,26400000.0,24200000.0,23.0,1.8,77.0,83.0,2.0,2.0,4.0,66.0,79.0,80.0,69.0,68.0,84.0,59.0,42.0,54.0,83.0,85.0,88.0,81.0,75.0,78.0,69.0,79.0,62.0,55.0,54.0,67.0,39.0,79.0,68.0,79.0,75.0,46.0,39.0,79.0,38.0
134,Dwight McNeil,19.0,0.0,1.0,0.0,1673.0,24200000.0,0.0,22.0,1.83,77.0,83.0,1.0,2.0,3.0,81.0,66.0,59.0,77.0,57.0,81.0,77.0,75.0,72.0,80.0,74.0,71.0,76.0,75.0,77.0,70.0,68.0,78.0,65.0,71.0,57.0,46.0,73.0,75.0,62.0,77.0,54.0,44.0,78.0,57.0
135,Fábio Silva,15.0,1.0,3.0,416.0,416.0,24200000.0,13200000.0,19.0,1.85,74.0,74.0,1.0,3.0,4.0,70.0,67.0,47.0,69.0,69.0,79.0,75.0,68.0,59.0,73.0,85.0,82.0,86.0,70.0,91.0,75.0,81.0,73.0,61.0,74.0,62.0,40.0,72.0,64.0,72.0,63.0,53.0,50.0,74.0,58.0
138,Cody Gakpo,25.0,10.0,9.0,185.0,1854.0,24200000.0,440000.0,22.0,1.89,79.0,85.0,1.0,4.0,3.0,79.0,79.0,60.0,74.0,72.0,79.0,77.0,73.0,64.0,80.0,84.0,86.0,80.0,74.0,74.0,83.0,74.0,76.0,76.0,76.0,58.0,39.0,77.0,76.0,63.0,76.0,38.0,28.0,80.0,43.0
141,Patson Daka,17.0,7.0,4.0,127.0,888.0,24200000.0,24200000.0,23.0,1.83,77.0,84.0,1.0,3.0,3.0,51.0,82.0,67.0,68.0,73.0,74.0,65.0,35.0,61.0,76.0,92.0,94.0,89.0,77.0,74.0,76.0,89.0,82.0,67.0,71.0,63.0,17.0,80.0,53.0,75.0,69.0,24.0,16.0,79.0,18.0
142,Jonathan Ikoné,27.0,2.0,3.0,732.0,1463.0,24200000.0,24200000.0,23.0,1.75,79.0,83.0,3.0,3.0,4.0,73.0,70.0,39.0,74.0,59.0,83.0,78.0,72.0,65.0,81.0,90.0,89.0,92.0,76.0,82.0,75.0,33.0,72.0,55.0,68.0,65.0,34.0,76.0,79.0,70.0,79.0,36.0,36.0,81.0,32.0
144,Jonathan Bamba,19.0,0.0,3.0,0.0,1493.0,24200000.0,8800000.0,25.0,1.75,80.0,83.0,2.0,4.0,4.0,74.0,73.0,61.0,75.0,68.0,80.0,75.0,67.0,66.0,81.0,89.0,89.0,83.0,76.0,84.0,78.0,73.0,82.0,64.0,73.0,62.0,36.0,79.0,77.0,76.0,78.0,39.0,38.0,81.0,33.0
145,Demarai Gray,21.0,6.0,2.0,266.0,1593.0,24200000.0,8800000.0,25.0,1.83,75.0,78.0,2.0,4.0,4.0,67.0,75.0,31.0,68.0,54.0,83.0,68.0,60.0,59.0,78.0,89.0,84.0,84.0,66.0,76.0,78.0,51.0,66.0,56.0,65.0,41.0,25.0,69.0,71.0,57.0,60.0,45.0,31.0,76.0,42.0
146,Daniel Podence,17.0,4.0,2.0,211.0,842.0,24200000.0,6600000.0,26.0,1.65,78.0,81.0,1.0,4.0,4.0,66.0,67.0,42.0,75.0,57.0,86.0,75.0,42.0,70.0,82.0,94.0,86.0,92.0,77.0,93.0,66.0,65.0,75.0,30.0,57.0,67.0,21.0,76.0,78.0,63.0,78.0,30.0,29.0,80.0,42.0
147,Raúl Jiménez,20.0,4.0,3.0,395.0,1579.0,24200000.0,38500000.0,30.0,1.88,83.0,83.0,3.0,4.0,3.0,73.0,84.0,85.0,81.0,82.0,84.0,75.0,51.0,75.0,82.0,63.0,80.0,75.0,82.0,65.0,84.0,74.0,82.0,84.0,74.0,81.0,53.0,84.0,78.0,92.0,81.0,38.0,30.0,83.0,45.0
148,Danny Ings,16.0,4.0,2.0,301.0,1204.0,24200000.0,24200000.0,29.0,1.78,81.0,81.0,1.0,4.0,3.0,66.0,86.0,78.0,75.0,76.0,78.0,72.0,70.0,61.0,81.0,82.0,76.0,77.0,86.0,77.0,83.0,79.0,74.0,69.0,83.0,67.0,46.0,86.0,72.0,81.0,85.0,45.0,34.0,81.0,38.0
150,Luis Muriel,19.0,6.0,5.0,132.0,794.0,24200000.0,14300000.0,30.0,1.79,82.0,82.0,2.0,4.0,4.0,71.0,84.0,69.0,80.0,78.0,88.0,79.0,78.0,55.0,83.0,87.0,90.0,85.0,84.0,88.0,81.0,60.0,73.0,72.0,84.0,50.0,16.0,83.0,78.0,89.0,82.0,24.0,22.0,83.0,26.0
151,Kevin Volland,30.0,10.0,8.0,224.0,2236.0,24200000.0,30800000.0,29.0,1.79,83.0,83.0,2.0,4.0,3.0,78.0,86.0,76.0,81.0,85.0,80.0,79.0,80.0,74.0,80.0,76.0,70.0,75.0,85.0,83.0,87.0,77.0,90.0,87.0,84.0,80.0,45.0,86.0,82.0,72.0,86.0,50.0,33.0,83.0,22.0
152,Lucas Moura,27.0,6.0,5.0,302.0,1809.0,24200000.0,30800000.0,29.0,1.72,81.0,81.0,3.0,4.0,4.0,70.0,79.0,65.0,72.0,70.0,88.0,71.0,71.0,66.0,82.0,93.0,88.0,93.0,79.0,92.0,85.0,95.0,75.0,57.0,75.0,78.0,50.0,78.0,70.0,74.0,81.0,43.0,44.0,81.0,31.0
153,Yussuf Poulsen,17.0,4.0,3.0,208.0,830.0,23100000.0,440000.0,27.0,1.92,77.0,78.0,2.0,3.0,3.0,68.0,74.0,85.0,73.0,75.0,75.0,70.0,42.0,53.0,75.0,80.0,84.0,69.0,80.0,54.0,73.0,83.0,86.0,78.0,58.0,83.0,51.0,81.0,69.0,58.0,72.0,59.0,32.0,78.0,53.0
154,Kamaldeen Sulemana,25.0,5.0,2.0,274.0,1371.0,22000000.0,9900000.0,19.0,1.75,72.0,84.0,1.0,4.0,4.0,57.0,70.0,42.0,66.0,58.0,75.0,65.0,50.0,48.0,73.0,92.0,93.0,89.0,62.0,89.0,64.0,78.0,71.0,61.0,61.0,52.0,26.0,67.0,64.0,56.0,71.0,25.0,25.0,72.0,30.0
155,Sofiane Diop,29.0,7.0,5.0,247.0,1727.0,22000000.0,2970000.0,21.0,1.75,77.0,84.0,1.0,3.0,4.0,69.0,69.0,39.0,75.0,62.0,83.0,74.0,69.0,68.0,81.0,78.0,73.0,84.0,76.0,86.0,74.0,53.0,79.0,36.0,69.0,68.0,56.0,76.0,77.0,60.0,77.0,58.0,46.0,79.0,56.0
156,Musa Barrow,19.0,5.0,4.0,264.0,1318.0,22000000.0,22000000.0,23.0,1.84,76.0,83.0,1.0,4.0,3.0,65.0,76.0,63.0,73.0,60.0,80.0,60.0,56.0,58.0,78.0,83.0,85.0,78.0,77.0,57.0,74.0,53.0,73.0,68.0,75.0,40.0,20.0,78.0,72.0,58.0,67.0,20.0,16.0,78.0,45.0
158,David Neres,22.0,4.0,2.0,196.0,785.0,22000000.0,22000000.0,24.0,1.76,79.0,83.0,3.0,3.0,5.0,67.0,74.0,45.0,78.0,72.0,85.0,70.0,52.0,69.0,85.0,86.0,85.0,90.0,75.0,86.0,73.0,56.0,73.0,64.0,67.0,55.0,35.0,75.0,79.0,69.0,79.0,32.0,29.0,82.0,42.0
159,Giacomo Raspadori,21.0,6.0,4.0,241.0,1444.0,22000000.0,220000.0,21.0,1.72,74.0,88.0,2.0,5.0,4.0,43.0,76.0,69.0,77.0,65.0,77.0,62.0,60.0,52.0,79.0,82.0,73.0,77.0,74.0,85.0,71.0,60.0,62.0,51.0,71.0,45.0,18.0,77.0,67.0,76.0,69.0,23.0,21.0,76.0,21.0
160,Samuel Chukwueze,17.0,5.0,1.0,128.0,640.0,22000000.0,550000.0,22.0,1.72,77.0,85.0,1.0,2.0,4.0,69.0,73.0,44.0,69.0,70.0,87.0,71.0,58.0,56.0,80.0,91.0,84.0,86.0,72.0,80.0,76.0,67.0,72.0,63.0,74.0,47.0,33.0,75.0,68.0,55.0,72.0,32.0,33.0,78.0,40.0
161,Maxi Gómez,17.0,2.0,1.0,637.0,1273.0,22000000.0,44000000.0,25.0,1.86,78.0,78.0,1.0,5.0,4.0,78.0,75.0,54.0,80.0,65.0,79.0,82.0,59.0,76.0,80.0,69.0,67.0,76.0,74.0,73.0,74.0,64.0,78.0,56.0,75.0,52.0,54.0,76.0,77.0,59.0,75.0,52.0,41.0,78.0,65.0
163,Alexis Saelemaekers,28.0,2.0,3.0,875.0,1750.0,22000000.0,8800000.0,22.0,1.8,76.0,81.0,1.0,4.0,3.0,80.0,68.0,45.0,77.0,65.0,78.0,71.0,68.0,69.0,78.0,81.0,81.0,87.0,75.0,73.0,62.0,77.0,83.0,59.0,72.0,67.0,64.0,72.0,70.0,41.0,70.0,65.0,61.0,78.0,65.0
165,Ché Adams,17.0,5.0,1.0,209.0,1044.0,22000000.0,7700000.0,25.0,1.79,76.0,81.0,1.0,3.0,3.0,55.0,76.0,63.0,70.0,70.0,73.0,63.0,59.0,53.0,75.0,83.0,84.0,78.0,74.0,74.0,86.0,76.0,77.0,79.0,75.0,74.0,36.0,77.0,62.0,69.0,71.0,42.0,36.0,78.0,33.0
166,Gianluca Scamacca,20.0,8.0,0.0,118.0,941.0,22000000.0,16500000.0,23.0,1.95,74.0,84.0,2.0,3.0,4.0,22.0,76.0,74.0,69.0,72.0,70.0,68.0,68.0,45.0,76.0,67.0,72.0,61.0,62.0,54.0,77.0,82.0,54.0,83.0,71.0,55.0,24.0,77.0,59.0,68.0,65.0,23.0,20.0,76.0,40.0
167,Kelechi Iheanacho,22.0,4.0,7.0,253.0,1012.0,22000000.0,16500000.0,25.0,1.85,78.0,82.0,1.0,3.0,4.0,59.0,82.0,67.0,77.0,77.0,79.0,74.0,64.0,69.0,78.0,75.0,74.0,73.0,77.0,72.0,81.0,57.0,71.0,73.0,78.0,71.0,30.0,80.0,71.0,70.0,68.0,36.0,32.0,80.0,39.0
168,Kasper Dolberg,17.0,6.0,1.0,158.0,946.0,22000000.0,19800000.0,24.0,1.87,79.0,83.0,2.0,4.0,3.0,50.0,80.0,74.0,79.0,78.0,78.0,76.0,70.0,60.0,79.0,69.0,76.0,72.0,75.0,64.0,86.0,73.0,73.0,79.0,79.0,32.0,23.0,81.0,77.0,78.0,76.0,24.0,19.0,81.0,28.0
169,Paul Onuachu,26.0,14.0,0.0,134.0,1873.0,22000000.0,6600000.0,27.0,2.01,79.0,80.0,1.0,2.0,3.0,41.0,83.0,85.0,73.0,73.0,73.0,58.0,30.0,68.0,78.0,64.0,76.0,46.0,74.0,32.0,78.0,58.0,75.0,93.0,63.0,77.0,41.0,81.0,68.0,84.0,74.0,48.0,36.0,80.0,33.0
171,Wout Weghorst,23.0,7.0,1.0,283.0,1981.0,22000000.0,7700000.0,29.0,1.97,83.0,83.0,2.0,3.0,2.0,42.0,87.0,92.0,76.0,83.0,65.0,40.0,37.0,43.0,79.0,59.0,66.0,62.0,85.0,44.0,86.0,79.0,83.0,89.0,74.0,85.0,34.0,88.0,67.0,71.0,83.0,67.0,30.0,83.0,44.0
172,Neal Maupay,20.0,8.0,1.0,190.0,1517.0,22000000.0,13200000.0,25.0,1.73,77.0,82.0,1.0,4.0,3.0,61.0,80.0,73.0,74.0,76.0,68.0,63.0,55.0,59.0,78.0,79.0,76.0,76.0,79.0,81.0,78.0,59.0,74.0,67.0,71.0,80.0,26.0,82.0,69.0,80.0,69.0,55.0,33.0,79.0,30.0
173,Jérémie Boga,12.0,0.0,3.0,0.0,673.0,22000000.0,2750000.0,25.0,1.74,77.0,83.0,1.0,3.0,4.0,78.0,72.0,59.0,73.0,60.0,84.0,78.0,64.0,69.0,79.0,90.0,81.0,88.0,67.0,82.0,80.0,61.0,68.0,63.0,75.0,56.0,41.0,72.0,68.0,55.0,73.0,42.0,34.0,78.0,24.0
174,Patrick Bamford,8.0,2.0,3.0,285.0,570.0,22000000.0,4400000.0,28.0,1.85,78.0,78.0,2.0,3.0,3.0,59.0,82.0,75.0,72.0,69.0,70.0,68.0,59.0,63.0,78.0,71.0,75.0,69.0,80.0,66.0,80.0,68.0,91.0,76.0,69.0,62.0,47.0,83.0,71.0,74.0,74.0,27.0,20.0,78.0,50.0
175,Bertrand Traoré,7.0,0.0,0.0,0.0,214.0,22000000.0,10450000.0,26.0,1.81,77.0,78.0,2.0,1.0,4.0,73.0,75.0,66.0,74.0,72.0,82.0,79.0,73.0,68.0,86.0,77.0,79.0,88.0,69.0,59.0,73.0,75.0,69.0,65.0,68.0,60.0,54.0,73.0,74.0,69.0,74.0,40.0,37.0,78.0,40.0
178,Callum Wilson,15.0,6.0,0.0,198.0,1187.0,22000000.0,22000000.0,29.0,1.8,79.0,79.0,2.0,3.0,4.0,61.0,82.0,78.0,72.0,71.0,78.0,63.0,45.0,62.0,79.0,77.0,83.0,75.0,79.0,72.0,77.0,70.0,76.0,79.0,68.0,74.0,40.0,83.0,70.0,83.0,79.0,40.0,27.0,79.0,36.0
179,Erik Lamela,16.0,4.0,2.0,180.0,718.0,22000000.0,17600000.0,29.0,1.84,78.0,78.0,2.0,2.0,4.0,77.0,74.0,60.0,80.0,75.0,83.0,84.0,81.0,75.0,82.0,74.0,67.0,77.0,79.0,75.0,81.0,56.0,61.0,64.0,80.0,90.0,53.0,79.0,78.0,75.0,75.0,50.0,54.0,79.0,52.0
180,Thorgan Hazard,19.0,5.0,1.0,174.0,871.0,22000000.0,41800000.0,28.0,1.75,82.0,82.0,2.0,4.0,4.0,81.0,74.0,42.0,82.0,77.0,85.0,82.0,81.0,72.0,84.0,84.0,76.0,91.0,81.0,88.0,77.0,60.0,78.0,65.0,76.0,57.0,63.0,80.0,82.0,79.0,78.0,47.0,49.0,82.0,58.0
181,Alexandre Lacazette,20.0,5.0,4.0,222.0,1108.0,22000000.0,44000000.0,30.0,1.76,82.0,82.0,3.0,4.0,4.0,68.0,83.0,75.0,79.0,79.0,83.0,74.0,74.0,70.0,82.0,77.0,73.0,81.0,82.0,82.0,87.0,76.0,66.0,75.0,78.0,73.0,42.0,82.0,75.0,79.0,80.0,45.0,32.0,82.0,39.0
182,Julian Draxler,14.0,2.0,2.0,299.0,598.0,22000000.0,30800000.0,28.0,1.85,80.0,80.0,3.0,5.0,4.0,79.0,74.0,64.0,81.0,77.0,83.0,77.0,76.0,77.0,84.0,76.0,73.0,80.0,78.0,74.0,80.0,77.0,68.0,67.0,78.0,56.0,66.0,78.0,81.0,65.0,82.0,64.0,44.0,80.0,48.0
184,Mikkel Damsgaard,8.0,0.0,0.0,0.0,552.0,19800000.0,7150000.0,21.0,1.8,77.0,87.0,2.0,3.0,4.0,63.0,71.0,51.0,74.0,48.0,83.0,66.0,82.0,70.0,80.0,90.0,81.0,91.0,70.0,86.0,71.0,72.0,74.0,57.0,72.0,64.0,45.0,74.0,77.0,47.0,74.0,46.0,40.0,79.0,52.0
185,Amad Diallo,3.0,2.0,1.0,124.0,248.0,19800000.0,16500000.0,19.0,1.73,78.0,82.0,2.0,3.0,3.0,69.0,38.0,78.0,78.0,39.0,75.0,58.0,32.0,76.0,78.0,72.0,76.0,73.0,77.0,71.0,51.0,84.0,74.0,77.0,24.0,77.0,78.0,61.0,69.0,41.0,81.0,78.0,81.0,80.0,77.0
187,Noni Madueke,18.0,6.0,1.0,171.0,1025.0,19800000.0,5500000.0,19.0,1.82,77.0,88.0,1.0,4.0,4.0,65.0,72.0,42.0,71.0,67.0,86.0,75.0,63.0,64.0,82.0,92.0,89.0,84.0,74.0,79.0,73.0,76.0,64.0,64.0,72.0,53.0,31.0,67.0,69.0,61.0,72.0,32.0,37.0,78.0,42.0
188,Manor Solomon,26.0,4.0,2.0,368.0,1470.0,19800000.0,1650000.0,22.0,1.7,76.0,86.0,1.0,4.0,3.0,73.0,72.0,38.0,72.0,46.0,81.0,75.0,72.0,68.0,74.0,82.0,80.0,84.0,64.0,82.0,75.0,55.0,75.0,64.0,71.0,30.0,21.0,74.0,73.0,52.0,78.0,47.0,35.0,77.0,39.0
189,Cengiz Ünder,21.0,7.0,1.0,232.0,1627.0,19800000.0,19800000.0,24.0,1.73,77.0,79.0,1.0,4.0,3.0,81.0,70.0,58.0,72.0,69.0,82.0,80.0,68.0,65.0,81.0,84.0,78.0,84.0,71.0,82.0,83.0,47.0,67.0,50.0,80.0,37.0,29.0,75.0,74.0,72.0,68.0,33.0,30.0,78.0,43.0
190,Umar Sadiq,21.0,9.0,7.0,188.0,1694.0,19800000.0,6600000.0,24.0,1.92,75.0,81.0,1.0,3.0,3.0,49.0,80.0,73.0,68.0,65.0,74.0,61.0,41.0,45.0,75.0,80.0,85.0,65.0,68.0,45.0,79.0,79.0,69.0,87.0,63.0,42.0,19.0,71.0,59.0,71.0,64.0,20.0,19.0,77.0,37.0
192,Daniel James,20.0,2.0,2.0,747.0,1493.0,19800000.0,19800000.0,24.0,1.7,77.0,82.0,1.0,4.0,3.0,75.0,72.0,44.0,74.0,58.0,73.0,74.0,54.0,58.0,76.0,96.0,95.0,85.0,75.0,83.0,79.0,53.0,83.0,52.0,69.0,70.0,42.0,73.0,68.0,64.0,69.0,45.0,34.0,78.0,54.0
193,Lukas Nmecha,21.0,8.0,0.0,166.0,1331.0,19800000.0,13200000.0,23.0,1.85,74.0,81.0,1.0,4.0,3.0,58.0,73.0,63.0,71.0,66.0,76.0,58.0,48.0,58.0,78.0,78.0,86.0,72.0,73.0,63.0,76.0,79.0,80.0,79.0,68.0,71.0,36.0,72.0,68.0,81.0,71.0,33.0,27.0,76.0,43.0
194,Steven Bergwijn,13.0,1.0,2.0,574.0,574.0,19800000.0,38500000.0,24.0,1.78,80.0,84.0,2.0,2.0,4.0,77.0,75.0,60.0,80.0,75.0,84.0,78.0,66.0,63.0,82.0,87.0,84.0,79.0,78.0,89.0,84.0,68.0,74.0,75.0,81.0,50.0,34.0,78.0,77.0,68.0,76.0,28.0,26.0,81.0,52.0
195,Gelson Martins,29.0,4.0,2.0,412.0,1648.0,19800000.0,30800000.0,26.0,1.73,78.0,79.0,3.0,3.0,5.0,71.0,69.0,51.0,73.0,74.0,85.0,82.0,60.0,55.0,78.0,93.0,93.0,91.0,74.0,89.0,77.0,67.0,88.0,48.0,69.0,60.0,50.0,71.0,73.0,66.0,76.0,51.0,48.0,78.0,54.0
197,Adam Armstrong,20.0,2.0,3.0,672.0,1344.0,19800000.0,19800000.0,24.0,1.73,76.0,82.0,1.0,4.0,3.0,62.0,79.0,66.0,70.0,68.0,74.0,69.0,63.0,58.0,74.0,93.0,88.0,87.0,76.0,90.0,76.0,84.0,81.0,61.0,76.0,79.0,41.0,78.0,67.0,71.0,75.0,23.0,25.0,78.0,36.0
198,Alex Iwobi,15.0,2.0,1.0,461.0,922.0,19800000.0,27500000.0,25.0,1.83,77.0,79.0,2.0,3.0,4.0,72.0,63.0,44.0,77.0,51.0,83.0,70.0,40.0,65.0,80.0,75.0,79.0,77.0,74.0,75.0,72.0,47.0,74.0,72.0,62.0,54.0,35.0,75.0,75.0,59.0,73.0,41.0,31.0,78.0,38.0
199,Gaëtan Laborde,27.0,14.0,4.0,159.0,2220.0,19800000.0,16500000.0,27.0,1.81,80.0,81.0,2.0,4.0,3.0,74.0,80.0,84.0,80.0,84.0,79.0,70.0,59.0,71.0,80.0,75.0,79.0,71.0,78.0,63.0,78.0,88.0,88.0,83.0,75.0,72.0,36.0,82.0,78.0,69.0,80.0,34.0,23.0,81.0,38.0
200,João Pedro,23.0,9.0,4.0,223.0,2007.0,19800000.0,1650000.0,29.0,1.84,80.0,80.0,1.0,4.0,4.0,69.0,82.0,73.0,81.0,72.0,81.0,80.0,76.0,74.0,83.0,74.0,71.0,72.0,85.0,74.0,77.0,82.0,75.0,74.0,73.0,69.0,42.0,81.0,80.0,69.0,81.0,44.0,28.0,80.0,30.0
204,Nathan Redmond,21.0,2.0,5.0,748.0,1495.0,19800000.0,8250000.0,27.0,1.73,76.0,76.0,2.0,3.0,4.0,70.0,70.0,33.0,73.0,55.0,82.0,72.0,65.0,62.0,79.0,85.0,78.0,88.0,72.0,86.0,81.0,39.0,73.0,50.0,74.0,38.0,30.0,78.0,71.0,57.0,68.0,26.0,30.0,77.0,33.0
205,Willian José,21.0,6.0,5.0,188.0,1127.0,19800000.0,19800000.0,30.0,1.89,78.0,78.0,2.0,4.0,4.0,54.0,80.0,80.0,75.0,73.0,76.0,68.0,60.0,50.0,79.0,62.0,67.0,65.0,78.0,38.0,83.0,79.0,68.0,88.0,74.0,75.0,35.0,81.0,76.0,76.0,77.0,32.0,30.0,78.0,40.0
208,Eden Hazard,16.0,0.0,2.0,0.0,722.0,19800000.0,165000000.0,31.0,1.75,85.0,85.0,4.0,4.0,4.0,77.0,78.0,61.0,85.0,82.0,89.0,83.0,79.0,81.0,88.0,86.0,82.0,87.0,79.0,89.0,82.0,55.0,77.0,61.0,77.0,54.0,41.0,83.0,84.0,87.0,89.0,27.0,22.0,85.0,34.0
210,Roman Yaremchuk,26.0,7.0,5.0,202.0,1414.0,19250000.0,19250000.0,26.0,1.91,77.0,80.0,1.0,3.0,3.0,69.0,78.0,75.0,75.0,72.0,70.0,52.0,54.0,68.0,77.0,73.0,83.0,68.0,76.0,55.0,77.0,76.0,77.0,76.0,73.0,68.0,39.0,80.0,72.0,67.0,67.0,48.0,34.0,79.0,38.0
211,Pedrinho,19.0,4.0,3.0,315.0,1260.0,18700000.0,16500000.0,23.0,1.72,72.0,72.0,1.0,3.0,3.0,72.0,60.0,48.0,70.0,81.0,73.0,77.0,75.0,71.0,72.0,79.0,81.0,79.0,69.0,82.0,83.0,81.0,77.0,45.0,81.0,69.0,51.0,66.0,74.0,72.0,69.0,60.0,56.0,72.0,53.0
213,Odsonne Edouard,30.0,8.0,5.0,223.0,1782.0,18700000.0,18700000.0,24.0,1.87,75.0,83.0,1.0,4.0,4.0,58.0,78.0,72.0,72.0,62.0,80.0,75.0,77.0,55.0,78.0,84.0,82.0,81.0,68.0,84.0,74.0,73.0,77.0,82.0,69.0,55.0,39.0,73.0,73.0,76.0,82.0,46.0,28.0,77.0,44.0
214,Jonathan Burkardt,21.0,10.0,4.0,161.0,1611.0,18700000.0,0.0,21.0,1.83,72.0,82.0,1.0,3.0,3.0,55.0,70.0,62.0,69.0,64.0,81.0,55.0,35.0,61.0,73.0,78.0,79.0,74.0,73.0,72.0,72.0,75.0,74.0,69.0,65.0,70.0,35.0,74.0,60.0,55.0,59.0,33.0,31.0,74.0,36.0
215,Rafael Borré,25.0,7.0,5.0,278.0,1943.0,18700000.0,18700000.0,26.0,1.74,78.0,81.0,1.0,3.0,3.0,69.0,80.0,74.0,73.0,72.0,77.0,79.0,67.0,69.0,77.0,83.0,79.0,84.0,79.0,81.0,80.0,83.0,85.0,67.0,70.0,87.0,39.0,84.0,75.0,71.0,81.0,41.0,29.0,80.0,44.0
216,Giovanni Simeone,21.0,12.0,4.0,115.0,1379.0,18700000.0,18700000.0,26.0,1.81,75.0,78.0,2.0,3.0,3.0,40.0,75.0,76.0,68.0,72.0,74.0,69.0,60.0,55.0,75.0,77.0,76.0,75.0,76.0,73.0,79.0,86.0,67.0,69.0,66.0,70.0,24.0,78.0,60.0,71.0,76.0,29.0,26.0,77.0,44.0
218,Ricardo Horta,27.0,13.0,6.0,175.0,2277.0,18700000.0,1930000.0,27.0,1.73,79.0,80.0,1.0,3.0,3.0,75.0,79.0,51.0,77.0,82.0,81.0,78.0,70.0,69.0,79.0,81.0,75.0,83.0,82.0,85.0,78.0,62.0,82.0,64.0,75.0,67.0,55.0,82.0,77.0,71.0,73.0,44.0,35.0,80.0,32.0
219,Moussa Dembélé,14.0,4.0,1.0,237.0,949.0,18700000.0,22000000.0,25.0,1.83,79.0,79.0,3.0,2.0,4.0,65.0,64.0,70.0,83.0,73.0,87.0,65.0,55.0,79.0,86.0,69.0,71.0,77.0,71.0,90.0,77.0,79.0,66.0,83.0,68.0,73.0,78.0,67.0,78.0,63.0,90.0,73.0,68.0,79.0,72.0
223,Arkadiusz Milik,17.0,9.0,0.0,127.0,1140.0,18700000.0,18700000.0,27.0,1.86,81.0,82.0,3.0,3.0,4.0,63.0,85.0,79.0,70.0,78.0,77.0,76.0,84.0,62.0,81.0,60.0,68.0,66.0,76.0,63.0,86.0,65.0,63.0,78.0,82.0,67.0,36.0,84.0,64.0,79.0,78.0,34.0,32.0,81.0,35.0
225,Leandro Trossard,20.0,4.0,1.0,422.0,1686.0,18700000.0,17600000.0,27.0,1.72,77.0,78.0,1.0,4.0,4.0,74.0,76.0,62.0,75.0,74.0,79.0,81.0,69.0,73.0,77.0,89.0,76.0,92.0,72.0,85.0,76.0,78.0,71.0,60.0,79.0,47.0,18.0,75.0,74.0,75.0,80.0,31.0,18.0,78.0,30.0
226,Luis Sinisterra,28.0,14.0,7.0,166.0,2320.0,17600000.0,110000.0,22.0,1.72,77.0,84.0,1.0,4.0,4.0,66.0,70.0,69.0,77.0,72.0,85.0,64.0,42.0,67.0,80.0,92.0,87.0,94.0,71.0,86.0,68.0,89.0,77.0,58.0,59.0,56.0,50.0,72.0,75.0,55.0,71.0,48.0,47.0,79.0,56.0
228,Bryan Mbeumo,20.0,7.0,2.0,222.0,1553.0,17600000.0,3850000.0,22.0,1.71,72.0,80.0,1.0,2.0,4.0,72.0,72.0,54.0,69.0,77.0,73.0,69.0,68.0,64.0,72.0,84.0,82.0,89.0,71.0,75.0,77.0,64.0,76.0,60.0,69.0,53.0,29.0,78.0,72.0,63.0,63.0,41.0,37.0,75.0,34.0
229,Rafa Mir,27.0,9.0,0.0,187.0,1679.0,17600000.0,13200000.0,24.0,1.91,77.0,84.0,1.0,3.0,3.0,67.0,81.0,78.0,72.0,77.0,71.0,60.0,61.0,52.0,74.0,72.0,72.0,62.0,75.0,66.0,82.0,78.0,71.0,82.0,76.0,69.0,39.0,74.0,59.0,75.0,66.0,43.0,35.0,79.0,42.0
230,Andrea Pinamonti,20.0,7.0,1.0,205.0,1435.0,17600000.0,17600000.0,22.0,1.85,68.0,75.0,1.0,3.0,3.0,40.0,73.0,70.0,53.0,72.0,64.0,43.0,47.0,36.0,74.0,64.0,63.0,62.0,67.0,64.0,68.0,64.0,60.0,66.0,67.0,52.0,16.0,70.0,45.0,69.0,60.0,19.0,19.0,70.0,15.0
231,David Brooks,9.0,3.0,0.0,220.0,660.0,17600000.0,5500000.0,24.0,1.73,76.0,82.0,1.0,4.0,4.0,75.0,71.0,61.0,78.0,61.0,80.0,73.0,66.0,67.0,79.0,74.0,73.0,78.0,72.0,77.0,70.0,64.0,69.0,62.0,73.0,64.0,43.0,75.0,76.0,65.0,78.0,49.0,44.0,78.0,47.0
232,Breel Embolo,15.0,4.0,4.0,271.0,1084.0,17600000.0,15400000.0,24.0,1.87,77.0,82.0,2.0,4.0,3.0,63.0,69.0,71.0,76.0,64.0,77.0,68.0,51.0,70.0,74.0,83.0,86.0,67.0,76.0,67.0,84.0,73.0,79.0,85.0,71.0,78.0,44.0,82.0,72.0,66.0,74.0,63.0,38.0,79.0,40.0
233,Ihlas Bebou,15.0,7.0,1.0,161.0,1129.0,17600000.0,13200000.0,27.0,1.83,77.0,77.0,2.0,3.0,4.0,74.0,77.0,64.0,74.0,70.0,82.0,66.0,46.0,53.0,77.0,92.0,89.0,83.0,77.0,74.0,76.0,70.0,75.0,67.0,71.0,40.0,31.0,80.0,69.0,67.0,73.0,35.0,33.0,79.0,26.0
234,Suso,12.0,0.0,1.0,0.0,615.0,17600000.0,19250000.0,28.0,1.77,82.0,82.0,2.0,3.0,4.0,84.0,72.0,50.0,84.0,72.0,87.0,87.0,81.0,75.0,88.0,78.0,75.0,80.0,78.0,82.0,78.0,50.0,72.0,54.0,87.0,38.0,20.0,75.0,83.0,72.0,77.0,23.0,18.0,82.0,48.0
235,Emil Forsberg,25.0,6.0,2.0,229.0,1373.0,17600000.0,770000.0,30.0,1.79,81.0,81.0,3.0,4.0,4.0,82.0,74.0,44.0,86.0,65.0,83.0,79.0,75.0,76.0,86.0,72.0,68.0,78.0,83.0,82.0,71.0,53.0,69.0,59.0,72.0,61.0,44.0,77.0,84.0,71.0,79.0,27.0,20.0,81.0,38.0
236,Jonas Hofmann,16.0,7.0,1.0,168.0,1177.0,17600000.0,4400000.0,29.0,1.76,79.0,79.0,2.0,4.0,3.0,80.0,75.0,40.0,81.0,64.0,78.0,77.0,71.0,81.0,79.0,75.0,75.0,77.0,83.0,77.0,68.0,61.0,86.0,64.0,69.0,47.0,74.0,82.0,81.0,71.0,81.0,49.0,52.0,80.0,62.0
238,Harvey Elliott,4.0,0.0,0.0,0.0,250.0,16500000.0,16500000.0,18.0,1.7,73.0,87.0,1.0,4.0,4.0,72.0,64.0,40.0,73.0,48.0,77.0,56.0,57.0,68.0,77.0,82.0,77.0,87.0,69.0,86.0,60.0,40.0,66.0,33.0,62.0,32.0,30.0,67.0,76.0,59.0,70.0,29.0,21.0,75.0,32.0
239,Yunus Musah,18.0,2.0,1.0,354.0,707.0,16500000.0,220000.0,19.0,1.78,71.0,82.0,1.0,3.0,4.0,64.0,62.0,44.0,68.0,48.0,74.0,60.0,40.0,60.0,73.0,86.0,89.0,68.0,57.0,66.0,77.0,64.0,73.0,70.0,73.0,59.0,59.0,70.0,59.0,50.0,63.0,57.0,58.0,72.0,58.0
240,Krépin Diatta,13.0,2.0,0.0,265.0,530.0,16500000.0,19800000.0,22.0,1.75,76.0,83.0,1.0,4.0,4.0,67.0,68.0,62.0,69.0,68.0,79.0,62.0,42.0,65.0,74.0,92.0,94.0,91.0,70.0,78.0,73.0,94.0,89.0,62.0,73.0,57.0,48.0,65.0,69.0,59.0,71.0,32.0,50.0,77.0,55.0
242,Jack Harrison,19.0,3.0,2.0,480.0,1440.0,16500000.0,16500000.0,25.0,1.75,78.0,84.0,1.0,3.0,4.0,76.0,71.0,45.0,73.0,62.0,79.0,70.0,56.0,62.0,78.0,84.0,82.0,82.0,75.0,81.0,75.0,63.0,85.0,65.0,68.0,57.0,36.0,75.0,76.0,64.0,73.0,43.0,44.0,79.0,42.0
243,Myron Boadu,27.0,2.0,2.0,557.0,1113.0,16500000.0,15400000.0,21.0,1.83,76.0,85.0,1.0,5.0,3.0,52.0,78.0,61.0,68.0,72.0,75.0,62.0,44.0,54.0,75.0,91.0,88.0,85.0,80.0,76.0,77.0,83.0,75.0,68.0,67.0,47.0,23.0,79.0,66.0,66.0,73.0,22.0,18.0,78.0,29.0
244,Calvin Stengs,15.0,1.0,0.0,803.0,803.0,16500000.0,15400000.0,23.0,1.87,77.0,84.0,2.0,3.0,4.0,70.0,65.0,42.0,77.0,71.0,77.0,75.0,62.0,72.0,85.0,75.0,76.0,81.0,79.0,69.0,75.0,55.0,76.0,58.0,67.0,42.0,27.0,75.0,81.0,52.0,78.0,31.0,30.0,79.0,37.0
245,Arthur Cabral,31.0,27.0,8.0,94.0,2540.0,16500000.0,2970000.0,23.0,1.86,77.0,85.0,1.0,4.0,3.0,50.0,79.0,78.0,74.0,76.0,73.0,63.0,30.0,56.0,76.0,72.0,72.0,72.0,74.0,68.0,78.0,83.0,74.0,87.0,70.0,61.0,24.0,77.0,68.0,75.0,71.0,27.0,25.0,79.0,27.0
246,Timothy Weah,19.0,0.0,4.0,0.0,980.0,16500000.0,6600000.0,21.0,1.85,74.0,81.0,2.0,3.0,3.0,62.0,73.0,67.0,71.0,71.0,75.0,64.0,45.0,63.0,75.0,86.0,88.0,87.0,74.0,71.0,70.0,69.0,60.0,65.0,69.0,52.0,44.0,76.0,72.0,60.0,70.0,44.0,38.0,76.0,41.0
247,Joelinton,21.0,1.0,1.0,1480.0,1480.0,16500000.0,38500000.0,25.0,1.86,74.0,78.0,1.0,3.0,3.0,44.0,70.0,75.0,75.0,65.0,75.0,52.0,38.0,58.0,74.0,74.0,77.0,69.0,72.0,66.0,81.0,76.0,73.0,82.0,62.0,78.0,45.0,72.0,69.0,61.0,72.0,48.0,38.0,76.0,29.0
248,Karl Toko Ekambi,23.0,11.0,4.0,142.0,1564.0,16500000.0,15400000.0,29.0,1.85,78.0,78.0,2.0,4.0,3.0,73.0,79.0,74.0,74.0,75.0,77.0,67.0,63.0,61.0,76.0,83.0,87.0,78.0,79.0,73.0,81.0,71.0,76.0,74.0,73.0,48.0,21.0,81.0,73.0,72.0,76.0,14.0,18.0,78.0,23.0
249,Mehdi Taremi,27.0,11.0,8.0,194.0,2129.0,16500000.0,11000000.0,29.0,1.87,79.0,79.0,1.0,4.0,4.0,68.0,81.0,70.0,74.0,74.0,81.0,74.0,43.0,64.0,83.0,77.0,76.0,73.0,81.0,65.0,81.0,74.0,80.0,76.0,74.0,46.0,23.0,83.0,73.0,76.0,81.0,41.0,25.0,79.0,38.0
250,Taiwo Awoniyi,27.0,14.0,3.0,125.0,1750.0,16500000.0,5500000.0,24.0,1.83,74.0,79.0,1.0,2.0,3.0,57.0,76.0,71.0,71.0,64.0,72.0,55.0,35.0,56.0,69.0,79.0,77.0,70.0,73.0,70.0,78.0,81.0,66.0,80.0,65.0,77.0,33.0,72.0,53.0,68.0,63.0,27.0,23.0,76.0,25.0
251,Ludovic Ajorque,20.0,10.0,6.0,155.0,1545.0,16500000.0,990000.0,27.0,1.97,78.0,79.0,2.0,3.0,3.0,50.0,81.0,83.0,69.0,75.0,72.0,57.0,37.0,48.0,77.0,58.0,61.0,57.0,79.0,31.0,79.0,75.0,76.0,89.0,70.0,69.0,28.0,83.0,69.0,77.0,75.0,19.0,17.0,79.0,17.0
252,Harry Wilson,23.0,9.0,11.0,213.0,1915.0,16500000.0,18700000.0,24.0,1.73,75.0,81.0,1.0,2.0,3.0,76.0,75.0,46.0,74.0,71.0,73.0,86.0,85.0,68.0,75.0,80.0,77.0,79.0,75.0,84.0,84.0,43.0,72.0,54.0,83.0,42.0,40.0,76.0,76.0,78.0,75.0,45.0,40.0,77.0,48.0
253,Santi Mina,22.0,8.0,5.0,210.0,1676.0,16500000.0,33000000.0,26.0,1.81,77.0,81.0,1.0,3.0,3.0,73.0,79.0,76.0,71.0,74.0,77.0,69.0,55.0,65.0,78.0,72.0,78.0,75.0,77.0,70.0,78.0,81.0,73.0,71.0,72.0,69.0,55.0,81.0,68.0,67.0,69.0,46.0,49.0,79.0,39.0
254,Ayoze Pérez,13.0,1.0,3.0,559.0,559.0,16500000.0,22000000.0,28.0,1.78,78.0,78.0,1.0,4.0,4.0,70.0,73.0,77.0,76.0,77.0,81.0,78.0,60.0,62.0,80.0,79.0,76.0,81.0,82.0,79.0,72.0,73.0,79.0,57.0,69.0,74.0,49.0,82.0,76.0,73.0,77.0,61.0,42.0,78.0,61.0
256,Federico Bernardeschi,21.0,1.0,6.0,1355.0,1355.0,16500000.0,33000000.0,27.0,1.83,79.0,79.0,2.0,3.0,4.0,81.0,61.0,53.0,82.0,76.0,85.0,83.0,80.0,71.0,84.0,79.0,79.0,82.0,70.0,79.0,80.0,51.0,70.0,69.0,82.0,50.0,64.0,72.0,80.0,82.0,78.0,59.0,59.0,79.0,64.0
257,Alassane Plea,20.0,3.0,1.0,334.0,1003.0,16500000.0,19800000.0,28.0,1.81,79.0,79.0,2.0,3.0,4.0,78.0,83.0,73.0,78.0,80.0,78.0,82.0,73.0,72.0,79.0,77.0,66.0,80.0,82.0,79.0,82.0,71.0,77.0,75.0,83.0,67.0,39.0,83.0,80.0,64.0,79.0,40.0,30.0,80.0,29.0
259,Rodrigo,15.0,2.0,0.0,579.0,1158.0,16500000.0,44000000.0,30.0,1.82,79.0,79.0,3.0,3.0,4.0,77.0,78.0,78.0,79.0,75.0,79.0,83.0,67.0,62.0,81.0,87.0,86.0,79.0,79.0,74.0,82.0,77.0,75.0,69.0,76.0,68.0,33.0,78.0,77.0,77.0,80.0,43.0,40.0,80.0,46.0
261,Steven Berghuis,24.0,8.0,7.0,214.0,1710.0,16500000.0,13200000.0,30.0,1.82,81.0,81.0,2.0,3.0,4.0,84.0,80.0,48.0,82.0,76.0,81.0,86.0,76.0,80.0,84.0,83.0,78.0,85.0,77.0,75.0,82.0,56.0,77.0,59.0,85.0,70.0,37.0,77.0,82.0,84.0,80.0,36.0,30.0,81.0,34.0
262,Portu,28.0,1.0,3.0,1367.0,1367.0,16500000.0,11000000.0,29.0,1.67,82.0,82.0,1.0,4.0,3.0,78.0,81.0,77.0,77.0,74.0,78.0,80.0,64.0,76.0,80.0,89.0,90.0,83.0,81.0,82.0,82.0,75.0,88.0,74.0,74.0,82.0,55.0,83.0,79.0,53.0,77.0,61.0,59.0,82.0,55.0
263,Pierre-Emerick Aubameyang,15.0,7.0,2.0,159.0,1116.0,16500000.0,71500000.0,32.0,1.87,85.0,85.0,3.0,4.0,4.0,76.0,89.0,73.0,77.0,83.0,79.0,81.0,76.0,64.0,81.0,87.0,91.0,77.0,86.0,67.0,82.0,75.0,79.0,74.0,78.0,43.0,48.0,90.0,77.0,83.0,87.0,29.0,36.0,85.0,20.0
266,Kayky,12.0,4.0,2.0,203.0,811.0,15400000.0,15400000.0,18.0,1.75,66.0,87.0,1.0,3.0,3.0,57.0,64.0,38.0,60.0,50.0,73.0,45.0,39.0,55.0,71.0,83.0,82.0,84.0,49.0,76.0,62.0,46.0,60.0,43.0,40.0,31.0,22.0,61.0,63.0,64.0,58.0,30.0,31.0,68.0,24.0
267,Boulaye Dia,22.0,5.0,5.0,232.0,1162.0,15400000.0,15400000.0,25.0,1.8,77.0,83.0,1.0,3.0,3.0,37.0,80.0,74.0,68.0,67.0,77.0,56.0,43.0,44.0,77.0,79.0,78.0,65.0,74.0,62.0,79.0,74.0,72.0,83.0,68.0,60.0,22.0,79.0,60.0,77.0,60.0,17.0,14.0,79.0,28.0
268,Martin Terrier,26.0,9.0,2.0,192.0,1724.0,15400000.0,11550000.0,24.0,1.84,77.0,81.0,2.0,3.0,3.0,72.0,78.0,69.0,78.0,68.0,76.0,77.0,58.0,72.0,77.0,83.0,84.0,73.0,76.0,68.0,78.0,72.0,70.0,68.0,77.0,55.0,27.0,79.0,76.0,66.0,74.0,31.0,34.0,79.0,34.0
269,Justin Kluivert,13.0,2.0,3.0,443.0,885.0,15400000.0,15400000.0,22.0,1.71,76.0,83.0,1.0,4.0,4.0,71.0,69.0,52.0,68.0,67.0,83.0,72.0,58.0,54.0,79.0,90.0,89.0,87.0,71.0,84.0,77.0,62.0,65.0,52.0,76.0,63.0,25.0,68.0,73.0,66.0,74.0,32.0,27.0,77.0,47.0
270,Diego Rossi,23.0,2.0,5.0,586.0,1171.0,15400000.0,15400000.0,23.0,1.7,76.0,84.0,2.0,4.0,4.0,67.0,77.0,44.0,72.0,71.0,75.0,72.0,34.0,57.0,77.0,83.0,82.0,83.0,73.0,84.0,75.0,58.0,79.0,54.0,69.0,49.0,21.0,77.0,75.0,57.0,74.0,18.0,28.0,77.0,42.0
271,Brais Méndez,22.0,3.0,4.0,562.0,1687.0,15400000.0,3850000.0,25.0,1.84,76.0,82.0,1.0,3.0,4.0,74.0,75.0,52.0,77.0,65.0,76.0,74.0,75.0,73.0,77.0,70.0,71.0,69.0,74.0,42.0,73.0,64.0,65.0,69.0,77.0,45.0,55.0,77.0,77.0,62.0,78.0,49.0,44.0,78.0,49.0
272,Ryan Kent,20.0,2.0,6.0,764.0,1527.0,15400000.0,1930000.0,25.0,1.76,76.0,81.0,1.0,5.0,4.0,72.0,71.0,58.0,72.0,66.0,78.0,68.0,54.0,65.0,76.0,90.0,91.0,91.0,73.0,87.0,77.0,48.0,83.0,49.0,75.0,70.0,28.0,74.0,73.0,52.0,75.0,30.0,27.0,78.0,24.0
273,Dominic Solanke,27.0,19.0,2.0,125.0,2383.0,15400000.0,11000000.0,24.0,1.86,73.0,78.0,1.0,3.0,3.0,54.0,73.0,69.0,69.0,70.0,74.0,54.0,42.0,59.0,74.0,69.0,75.0,67.0,72.0,68.0,73.0,72.0,73.0,79.0,66.0,65.0,22.0,74.0,65.0,70.0,68.0,25.0,22.0,75.0,21.0
274,Sergi Canós,22.0,3.0,2.0,558.0,1674.0,15400000.0,2750000.0,24.0,1.77,72.0,76.0,1.0,3.0,3.0,72.0,70.0,51.0,68.0,58.0,76.0,62.0,56.0,59.0,72.0,74.0,69.0,78.0,69.0,84.0,71.0,62.0,65.0,68.0,69.0,75.0,52.0,71.0,72.0,53.0,63.0,58.0,54.0,73.0,52.0
275,Maxwel Cornet,13.0,6.0,1.0,131.0,783.0,15400000.0,13200000.0,25.0,1.79,75.0,78.0,2.0,4.0,3.0,72.0,75.0,68.0,74.0,67.0,73.0,68.0,65.0,62.0,74.0,85.0,87.0,82.0,70.0,78.0,80.0,77.0,91.0,72.0,75.0,72.0,66.0,76.0,69.0,64.0,67.0,70.0,66.0,77.0,64.0
276,Florian Thauvin,10.0,2.0,1.0,249.0,497.0,15400000.0,18700000.0,28.0,1.79,80.0,80.0,1.0,3.0,4.0,80.0,78.0,70.0,82.0,74.0,80.0,83.0,72.0,75.0,82.0,82.0,76.0,85.0,82.0,68.0,82.0,76.0,79.0,67.0,80.0,56.0,42.0,81.0,78.0,78.0,76.0,29.0,31.0,80.0,46.0
278,Alfredo Morelos,29.0,13.0,4.0,169.0,2195.0,14300000.0,1100000.0,25.0,1.77,76.0,81.0,1.0,4.0,3.0,56.0,77.0,75.0,73.0,69.0,73.0,65.0,52.0,64.0,76.0,77.0,79.0,67.0,69.0,84.0,80.0,83.0,77.0,86.0,68.0,89.0,33.0,78.0,70.0,72.0,74.0,43.0,29.0,78.0,42.0
279,Marcus Edwards,22.0,8.0,3.0,190.0,1519.0,14300000.0,1380000.0,23.0,1.68,76.0,84.0,1.0,3.0,4.0,67.0,65.0,37.0,72.0,66.0,84.0,72.0,60.0,59.0,81.0,88.0,82.0,92.0,77.0,92.0,67.0,45.0,70.0,35.0,65.0,43.0,30.0,73.0,69.0,58.0,78.0,32.0,24.0,77.0,38.0
280,Dodi Lukébakio,24.0,1.0,3.0,1311.0,1311.0,14300000.0,14300000.0,24.0,1.87,76.0,81.0,2.0,3.0,4.0,67.0,74.0,56.0,73.0,66.0,82.0,69.0,65.0,61.0,79.0,82.0,85.0,76.0,76.0,70.0,83.0,68.0,71.0,68.0,71.0,28.0,26.0,75.0,69.0,69.0,74.0,29.0,24.0,77.0,31.0
281,Josip Brekalo,18.0,4.0,1.0,312.0,1248.0,14300000.0,14300000.0,23.0,1.75,76.0,80.0,2.0,4.0,4.0,74.0,74.0,45.0,74.0,62.0,84.0,77.0,70.0,62.0,80.0,84.0,69.0,87.0,73.0,83.0,75.0,63.0,65.0,49.0,75.0,38.0,30.0,75.0,69.0,59.0,68.0,39.0,29.0,78.0,33.0
283,Paulinho,27.0,9.0,5.0,237.0,2131.0,14300000.0,16500000.0,29.0,1.87,83.0,83.0,3.0,4.0,4.0,67.0,83.0,85.0,82.0,75.0,82.0,66.0,75.0,76.0,83.0,73.0,71.0,72.0,82.0,85.0,83.0,92.0,91.0,82.0,80.0,81.0,80.0,83.0,82.0,71.0,81.0,79.0,75.0,83.0,80.0
291,Andrea Petagna,25.0,3.0,4.0,285.0,855.0,14300000.0,16500000.0,26.0,1.9,76.0,79.0,2.0,3.0,3.0,60.0,78.0,78.0,76.0,66.0,78.0,59.0,45.0,64.0,80.0,54.0,66.0,57.0,73.0,71.0,80.0,79.0,76.0,92.0,62.0,62.0,22.0,79.0,75.0,80.0,74.0,27.0,20.0,78.0,40.0
292,Andy Delort,20.0,9.0,2.0,165.0,1488.0,14300000.0,17600000.0,30.0,1.82,81.0,81.0,2.0,3.0,3.0,74.0,82.0,84.0,75.0,83.0,76.0,69.0,71.0,64.0,74.0,81.0,87.0,73.0,78.0,74.0,89.0,85.0,83.0,87.0,77.0,80.0,27.0,83.0,77.0,75.0,79.0,37.0,25.0,81.0,32.0
293,Mohamed-Ali Cho,18.0,2.0,0.0,586.0,1172.0,13200000.0,0.0,17.0,1.82,66.0,81.0,1.0,3.0,3.0,55.0,69.0,63.0,62.0,52.0,75.0,41.0,35.0,39.0,68.0,80.0,77.0,64.0,58.0,59.0,68.0,62.0,50.0,58.0,65.0,27.0,20.0,62.0,53.0,64.0,56.0,18.0,17.0,68.0,23.0
294,Kaio Jorge,10.0,1.0,0.0,201.0,201.0,13200000.0,13200000.0,19.0,1.82,69.0,82.0,1.0,3.0,2.0,44.0,73.0,64.0,66.0,62.0,76.0,47.0,40.0,51.0,71.0,76.0,77.0,75.0,69.0,68.0,65.0,68.0,69.0,63.0,64.0,48.0,18.0,66.0,41.0,64.0,63.0,14.0,18.0,71.0,24.0
295,Arnaud Kalimuendo,20.0,6.0,0.0,198.0,1187.0,13200000.0,13200000.0,19.0,1.75,73.0,82.0,1.0,3.0,3.0,47.0,74.0,70.0,58.0,71.0,74.0,57.0,39.0,40.0,73.0,82.0,82.0,75.0,69.0,81.0,72.0,59.0,60.0,71.0,71.0,60.0,23.0,74.0,58.0,62.0,69.0,21.0,17.0,75.0,32.0
296,Amine Adli,25.0,3.0,2.0,442.0,1326.0,13200000.0,6600000.0,21.0,1.74,71.0,83.0,1.0,3.0,3.0,61.0,75.0,63.0,70.0,58.0,75.0,70.0,52.0,59.0,74.0,85.0,84.0,76.0,64.0,80.0,75.0,41.0,66.0,53.0,66.0,36.0,24.0,70.0,63.0,68.0,68.0,35.0,35.0,73.0,34.0
298,Randal Kolo Muani,21.0,7.0,3.0,253.0,1774.0,13200000.0,13200000.0,23.0,1.87,74.0,83.0,1.0,3.0,3.0,37.0,72.0,75.0,73.0,64.0,81.0,62.0,54.0,62.0,78.0,84.0,81.0,78.0,70.0,52.0,71.0,73.0,67.0,69.0,63.0,31.0,22.0,74.0,60.0,62.0,69.0,24.0,31.0,76.0,28.0
300,Eldor Shomurodov,25.0,3.0,5.0,301.0,902.0,13200000.0,7700000.0,26.0,1.9,71.0,74.0,1.0,4.0,3.0,55.0,70.0,74.0,67.0,73.0,69.0,68.0,52.0,58.0,75.0,83.0,80.0,71.0,57.0,70.0,72.0,61.0,67.0,76.0,66.0,55.0,34.0,70.0,65.0,65.0,60.0,33.0,30.0,73.0,32.0
301,Noah Okafor,23.0,11.0,5.0,96.0,1053.0,13200000.0,8800000.0,21.0,1.85,72.0,81.0,1.0,4.0,4.0,68.0,68.0,63.0,65.0,61.0,75.0,70.0,43.0,64.0,74.0,91.0,92.0,88.0,66.0,51.0,68.0,71.0,72.0,84.0,67.0,53.0,20.0,63.0,58.0,61.0,57.0,25.0,20.0,73.0,40.0
302,Habib Diallo,19.0,9.0,1.0,125.0,1126.0,13200000.0,13200000.0,26.0,1.86,75.0,78.0,2.0,3.0,3.0,49.0,78.0,81.0,66.0,72.0,71.0,55.0,37.0,43.0,74.0,71.0,73.0,67.0,75.0,68.0,77.0,87.0,70.0,79.0,61.0,55.0,19.0,78.0,57.0,80.0,66.0,17.0,17.0,77.0,13.0
303,Álex Berenguer,21.0,0.0,2.0,0.0,1230.0,13200000.0,6600000.0,26.0,1.75,80.0,81.0,1.0,4.0,3.0,76.0,79.0,49.0,79.0,70.0,82.0,74.0,75.0,65.0,81.0,86.0,81.0,85.0,79.0,85.0,77.0,73.0,74.0,56.0,72.0,72.0,65.0,79.0,78.0,69.0,78.0,64.0,66.0,80.0,65.0
304,Roland Sallai,17.0,1.0,1.0,691.0,691.0,13200000.0,2200000.0,24.0,1.82,76.0,79.0,2.0,4.0,4.0,72.0,73.0,49.0,75.0,67.0,81.0,49.0,45.0,62.0,80.0,76.0,69.0,75.0,74.0,74.0,69.0,64.0,62.0,61.0,64.0,59.0,39.0,76.0,75.0,62.0,65.0,37.0,38.0,77.0,32.0
306,Vincenzo Grifo,21.0,5.0,7.0,333.0,1665.0,13200000.0,9900000.0,28.0,1.8,79.0,79.0,2.0,2.0,4.0,88.0,69.0,47.0,77.0,73.0,82.0,85.0,80.0,75.0,82.0,73.0,67.0,78.0,78.0,79.0,81.0,52.0,71.0,63.0,74.0,52.0,45.0,78.0,77.0,79.0,70.0,31.0,30.0,79.0,50.0
307,Quincy Promes,19.0,6.0,1.0,245.0,1472.0,13200000.0,16500000.0,30.0,1.74,80.0,80.0,3.0,4.0,4.0,78.0,79.0,66.0,79.0,69.0,81.0,75.0,76.0,73.0,80.0,87.0,88.0,85.0,82.0,78.0,81.0,79.0,81.0,64.0,76.0,65.0,38.0,81.0,81.0,74.0,79.0,48.0,40.0,81.0,46.0
308,Adnan Januzaj,28.0,3.0,3.0,535.0,1604.0,13200000.0,7700000.0,26.0,1.86,81.0,81.0,1.0,4.0,4.0,81.0,77.0,42.0,81.0,70.0,86.0,80.0,73.0,76.0,81.0,83.0,75.0,84.0,79.0,75.0,74.0,61.0,70.0,58.0,76.0,41.0,36.0,78.0,81.0,60.0,78.0,23.0,22.0,81.0,30.0
309,Takumi Minamino,15.0,5.0,1.0,132.0,659.0,13200000.0,13200000.0,27.0,1.74,75.0,76.0,1.0,4.0,3.0,66.0,75.0,50.0,71.0,70.0,81.0,73.0,69.0,63.0,78.0,83.0,75.0,89.0,71.0,86.0,71.0,76.0,76.0,55.0,73.0,61.0,49.0,70.0,70.0,72.0,79.0,30.0,26.0,75.0,32.0
310,Divock Origi,10.0,5.0,2.0,79.0,393.0,13200000.0,11000000.0,26.0,1.85,76.0,79.0,2.0,4.0,4.0,69.0,76.0,74.0,73.0,70.0,76.0,54.0,40.0,59.0,77.0,73.0,84.0,71.0,76.0,64.0,80.0,76.0,70.0,77.0,70.0,69.0,28.0,77.0,69.0,65.0,77.0,24.0,18.0,78.0,16.0
311,Juanmi,22.0,13.0,2.0,96.0,1246.0,13200000.0,8800000.0,28.0,1.72,75.0,75.0,1.0,3.0,3.0,73.0,77.0,72.0,74.0,71.0,76.0,62.0,57.0,59.0,77.0,74.0,73.0,78.0,79.0,76.0,74.0,73.0,65.0,41.0,73.0,55.0,23.0,81.0,68.0,64.0,71.0,28.0,25.0,76.0,25.0
312,Paco Alcácer,12.0,4.0,4.0,151.0,603.0,13200000.0,46200000.0,28.0,1.75,81.0,81.0,2.0,4.0,3.0,60.0,85.0,78.0,78.0,85.0,78.0,85.0,85.0,51.0,82.0,79.0,76.0,83.0,85.0,81.0,82.0,67.0,60.0,63.0,84.0,57.0,26.0,86.0,67.0,71.0,84.0,24.0,22.0,81.0,43.0
313,Michail Antonio,24.0,9.0,7.0,227.0,2044.0,13200000.0,2750000.0,31.0,1.8,79.0,79.0,2.0,3.0,4.0,75.0,79.0,84.0,75.0,70.0,79.0,66.0,60.0,72.0,76.0,79.0,87.0,80.0,80.0,79.0,79.0,91.0,76.0,86.0,68.0,83.0,45.0,80.0,74.0,75.0,73.0,56.0,53.0,79.0,51.0
316,Moussa Djenepo,10.0,0.0,0.0,0.0,633.0,12100000.0,13200000.0,23.0,1.77,74.0,80.0,1.0,3.0,3.0,68.0,70.0,57.0,67.0,57.0,83.0,65.0,59.0,59.0,75.0,84.0,81.0,89.0,69.0,82.0,69.0,86.0,69.0,62.0,68.0,64.0,33.0,72.0,69.0,60.0,68.0,37.0,31.0,75.0,32.0
326,Rubén Vargas,17.0,1.0,2.0,1226.0,1226.0,12100000.0,4400000.0,23.0,1.79,75.0,83.0,2.0,4.0,3.0,68.0,68.0,66.0,71.0,62.0,78.0,59.0,48.0,69.0,77.0,88.0,79.0,91.0,72.0,90.0,72.0,85.0,78.0,62.0,73.0,49.0,48.0,71.0,64.0,60.0,63.0,51.0,45.0,76.0,59.0
328,Cyle Larin,24.0,7.0,1.0,226.0,1585.0,12100000.0,3520000.0,26.0,1.88,74.0,75.0,1.0,4.0,3.0,55.0,75.0,75.0,69.0,61.0,72.0,60.0,22.0,40.0,72.0,70.0,71.0,63.0,73.0,48.0,80.0,68.0,77.0,87.0,69.0,59.0,22.0,75.0,67.0,63.0,68.0,18.0,20.0,75.0,21.0
329,Jordan Larsson,19.0,1.0,0.0,1237.0,1237.0,12100000.0,880000.0,24.0,1.75,72.0,72.0,1.0,4.0,3.0,68.0,59.0,58.0,68.0,57.0,65.0,69.0,70.0,65.0,66.0,80.0,81.0,79.0,70.0,77.0,71.0,74.0,86.0,71.0,68.0,69.0,69.0,66.0,72.0,58.0,70.0,67.0,65.0,72.0,61.0
333,Daryl Dike,1.0,0.0,0.0,0.0,31.0,11000000.0,11000000.0,21.0,1.87,68.0,80.0,1.0,4.0,2.0,30.0,69.0,64.0,57.0,47.0,64.0,33.0,33.0,35.0,66.0,65.0,73.0,53.0,67.0,46.0,80.0,72.0,59.0,96.0,60.0,57.0,15.0,66.0,50.0,65.0,52.0,15.0,10.0,70.0,15.0
338,Beto,22.0,10.0,0.0,171.0,1714.0,11000000.0,11000000.0,23.0,1.94,74.0,81.0,1.0,3.0,2.0,40.0,75.0,72.0,62.0,69.0,74.0,59.0,42.0,57.0,73.0,69.0,73.0,42.0,73.0,34.0,76.0,59.0,74.0,85.0,69.0,70.0,18.0,76.0,55.0,70.0,68.0,20.0,21.0,76.0,17.0
339,Mohamed Bayo,17.0,9.0,2.0,149.0,1340.0,11000000.0,220000.0,23.0,1.88,73.0,80.0,1.0,2.0,2.0,57.0,77.0,63.0,63.0,71.0,75.0,69.0,51.0,46.0,75.0,72.0,72.0,69.0,74.0,55.0,76.0,59.0,62.0,68.0,69.0,38.0,23.0,75.0,66.0,73.0,72.0,19.0,16.0,75.0,24.0
340,Yusuf Demir,9.0,0.0,0.0,0.0,290.0,11000000.0,11000000.0,18.0,1.73,72.0,85.0,1.0,3.0,4.0,65.0,69.0,43.0,66.0,56.0,78.0,68.0,58.0,58.0,79.0,86.0,83.0,86.0,60.0,89.0,65.0,76.0,55.0,43.0,68.0,54.0,19.0,55.0,69.0,56.0,68.0,18.0,11.0,72.0,15.0
341,Terem Moffi,19.0,2.0,3.0,737.0,1474.0,11000000.0,3300000.0,22.0,1.88,74.0,82.0,2.0,3.0,2.0,49.0,77.0,73.0,64.0,68.0,73.0,59.0,36.0,41.0,71.0,70.0,78.0,59.0,69.0,56.0,77.0,77.0,67.0,86.0,68.0,57.0,15.0,73.0,47.0,65.0,66.0,23.0,18.0,76.0,18.0
342,Christos Tzolis,15.0,2.0,2.0,267.0,533.0,11000000.0,13200000.0,19.0,1.79,74.0,87.0,1.0,4.0,4.0,67.0,75.0,68.0,69.0,72.0,79.0,71.0,63.0,63.0,72.0,87.0,86.0,82.0,66.0,77.0,66.0,70.0,70.0,57.0,68.0,75.0,29.0,74.0,63.0,67.0,69.0,35.0,38.0,75.0,28.0
343,Luiz Araújo,1.0,0.0,0.0,0.0,85.0,11000000.0,11000000.0,25.0,1.75,77.0,80.0,2.0,2.0,4.0,71.0,66.0,54.0,71.0,66.0,82.0,75.0,64.0,65.0,81.0,87.0,89.0,90.0,73.0,79.0,72.0,56.0,68.0,44.0,73.0,55.0,33.0,71.0,75.0,62.0,78.0,44.0,41.0,78.0,31.0
344,Ben Brereton Díaz,28.0,20.0,1.0,120.0,2407.0,11000000.0,5500000.0,22.0,1.85,71.0,79.0,1.0,3.0,3.0,64.0,71.0,63.0,67.0,67.0,75.0,68.0,30.0,53.0,71.0,85.0,82.0,72.0,68.0,63.0,72.0,42.0,76.0,77.0,61.0,69.0,36.0,73.0,64.0,68.0,67.0,44.0,37.0,73.0,34.0
346,Luis Suárez,21.0,4.0,3.0,418.0,1670.0,11000000.0,8250000.0,24.0,1.85,88.0,88.0,5.0,4.0,3.0,80.0,93.0,84.0,83.0,90.0,83.0,86.0,82.0,77.0,86.0,76.0,69.0,75.0,92.0,78.0,89.0,69.0,78.0,85.0,88.0,87.0,41.0,91.0,84.0,83.0,87.0,45.0,38.0,88.0,42.0
350,Takefusa Kubo,13.0,2.0,2.0,401.0,802.0,11000000.0,11000000.0,20.0,1.73,75.0,88.0,1.0,4.0,4.0,61.0,70.0,39.0,73.0,57.0,85.0,68.0,72.0,58.0,81.0,89.0,74.0,86.0,65.0,83.0,66.0,54.0,76.0,52.0,60.0,43.0,29.0,68.0,72.0,61.0,70.0,43.0,48.0,76.0,40.0
351,Yoane Wissa,16.0,6.0,1.0,119.0,716.0,11000000.0,11000000.0,25.0,1.8,75.0,78.0,1.0,3.0,3.0,71.0,75.0,58.0,65.0,68.0,77.0,56.0,46.0,60.0,76.0,85.0,91.0,82.0,70.0,73.0,75.0,76.0,71.0,68.0,72.0,61.0,31.0,75.0,68.0,71.0,73.0,23.0,18.0,76.0,25.0
352,Riccardo Orsolini,15.0,4.0,3.0,206.0,825.0,11000000.0,16500000.0,24.0,1.83,76.0,82.0,2.0,4.0,4.0,77.0,65.0,52.0,76.0,73.0,82.0,80.0,70.0,67.0,83.0,81.0,79.0,83.0,74.0,76.0,79.0,59.0,68.0,72.0,74.0,44.0,40.0,67.0,73.0,71.0,74.0,26.0,24.0,78.0,52.0
353,Jesper Karlsson,26.0,11.0,8.0,201.0,2215.0,11000000.0,990000.0,23.0,1.79,75.0,82.0,1.0,3.0,4.0,69.0,72.0,44.0,68.0,76.0,79.0,74.0,62.0,62.0,78.0,84.0,80.0,92.0,69.0,89.0,75.0,84.0,78.0,42.0,73.0,44.0,35.0,72.0,69.0,65.0,73.0,36.0,34.0,76.0,32.0
354,Eddie Nketiah,9.0,5.0,0.0,96.0,480.0,11000000.0,8800000.0,22.0,1.75,74.0,81.0,1.0,3.0,3.0,43.0,77.0,67.0,66.0,69.0,74.0,54.0,38.0,45.0,73.0,85.0,82.0,80.0,77.0,72.0,72.0,73.0,68.0,59.0,62.0,52.0,19.0,78.0,58.0,68.0,68.0,19.0,15.0,76.0,22.0
356,Borja Mayoral,11.0,1.0,1.0,249.0,249.0,11000000.0,11000000.0,24.0,1.82,76.0,81.0,2.0,4.0,3.0,60.0,77.0,75.0,79.0,71.0,75.0,63.0,62.0,65.0,82.0,67.0,69.0,75.0,76.0,73.0,76.0,84.0,71.0,73.0,72.0,48.0,37.0,82.0,67.0,74.0,82.0,29.0,24.0,78.0,40.0
357,Borja Iglesias,25.0,8.0,2.0,167.0,1334.0,11000000.0,30800000.0,28.0,1.87,80.0,80.0,1.0,3.0,3.0,50.0,82.0,80.0,73.0,71.0,74.0,51.0,36.0,65.0,79.0,61.0,69.0,60.0,76.0,73.0,83.0,70.0,71.0,90.0,74.0,69.0,30.0,83.0,71.0,79.0,80.0,31.0,18.0,80.0,32.0
358,Trezeguet,2.0,1.0,0.0,70.0,70.0,11000000.0,6600000.0,27.0,1.79,75.0,76.0,3.0,4.0,4.0,75.0,72.0,42.0,76.0,63.0,80.0,63.0,63.0,68.0,78.0,78.0,77.0,78.0,66.0,70.0,76.0,63.0,81.0,67.0,76.0,45.0,22.0,69.0,64.0,74.0,74.0,43.0,27.0,75.0,39.0
359,Luca Waldschmidt,16.0,3.0,2.0,304.0,912.0,11000000.0,16500000.0,25.0,1.81,77.0,82.0,1.0,3.0,3.0,63.0,79.0,59.0,75.0,72.0,76.0,73.0,63.0,65.0,75.0,77.0,71.0,78.0,75.0,77.0,81.0,66.0,70.0,64.0,82.0,44.0,28.0,82.0,75.0,83.0,72.0,19.0,18.0,78.0,33.0
360,Lucas Alario,16.0,1.0,0.0,473.0,473.0,11000000.0,13200000.0,29.0,1.84,78.0,78.0,2.0,3.0,3.0,48.0,83.0,85.0,69.0,80.0,73.0,49.0,43.0,47.0,78.0,66.0,60.0,68.0,77.0,71.0,79.0,87.0,68.0,78.0,63.0,72.0,22.0,84.0,65.0,77.0,76.0,27.0,20.0,78.0,22.0
361,Mohamed Elyounoussi,16.0,6.0,2.0,173.0,1038.0,11000000.0,13200000.0,27.0,1.78,75.0,75.0,1.0,4.0,4.0,72.0,76.0,71.0,74.0,69.0,76.0,74.0,64.0,66.0,77.0,74.0,75.0,82.0,73.0,80.0,75.0,77.0,69.0,64.0,74.0,72.0,36.0,74.0,73.0,64.0,70.0,57.0,51.0,75.0,58.0
362,Anwar El Ghazi,12.0,3.0,3.0,182.0,547.0,11000000.0,11000000.0,26.0,1.89,76.0,77.0,1.0,4.0,4.0,74.0,77.0,72.0,73.0,67.0,78.0,75.0,73.0,54.0,78.0,68.0,77.0,68.0,79.0,65.0,84.0,52.0,73.0,75.0,77.0,55.0,28.0,78.0,73.0,80.0,72.0,28.0,15.0,78.0,40.0
363,Michy Batshuayi,24.0,8.0,4.0,245.0,1961.0,11000000.0,11000000.0,28.0,1.85,76.0,76.0,2.0,5.0,4.0,65.0,78.0,75.0,62.0,76.0,76.0,66.0,46.0,38.0,77.0,74.0,73.0,75.0,76.0,71.0,81.0,80.0,65.0,79.0,73.0,63.0,23.0,78.0,64.0,67.0,81.0,26.0,22.0,76.0,37.0
364,Felipe Anderson,27.0,4.0,5.0,489.0,1955.0,11000000.0,11000000.0,28.0,1.75,78.0,78.0,3.0,4.0,4.0,74.0,70.0,44.0,77.0,72.0,82.0,77.0,69.0,75.0,81.0,85.0,85.0,84.0,75.0,86.0,82.0,33.0,65.0,55.0,79.0,67.0,69.0,74.0,76.0,53.0,81.0,59.0,46.0,78.0,47.0
369,Jens Petter Hauge,17.0,3.0,0.0,227.0,681.0,10450000.0,10450000.0,22.0,1.84,76.0,83.0,1.0,3.0,4.0,69.0,69.0,49.0,68.0,56.0,78.0,66.0,54.0,63.0,78.0,89.0,88.0,81.0,70.0,76.0,68.0,55.0,83.0,67.0,68.0,45.0,39.0,71.0,70.0,65.0,74.0,43.0,37.0,77.0,43.0
370,Evanilson,22.0,9.0,3.0,150.0,1354.0,9900000.0,8250000.0,22.0,1.83,73.0,83.0,1.0,4.0,2.0,32.0,78.0,75.0,72.0,69.0,72.0,67.0,40.0,59.0,71.0,73.0,71.0,63.0,60.0,62.0,75.0,64.0,68.0,73.0,71.0,29.0,16.0,79.0,59.0,69.0,67.0,20.0,19.0,75.0,22.0
372,Nathanaël Mbuku,18.0,1.0,0.0,894.0,894.0,9900000.0,0.0,19.0,1.7,71.0,83.0,1.0,2.0,3.0,68.0,65.0,48.0,71.0,64.0,77.0,66.0,56.0,63.0,74.0,80.0,77.0,85.0,60.0,86.0,71.0,39.0,60.0,48.0,55.0,41.0,29.0,64.0,65.0,64.0,64.0,34.0,35.0,72.0,32.0
373,Lassina Traoré,14.0,9.0,0.0,109.0,979.0,9900000.0,7150000.0,21.0,1.83,72.0,82.0,1.0,3.0,3.0,47.0,73.0,68.0,68.0,57.0,69.0,55.0,44.0,43.0,70.0,75.0,78.0,68.0,69.0,67.0,76.0,84.0,73.0,84.0,62.0,57.0,32.0,73.0,64.0,63.0,70.0,22.0,25.0,74.0,22.0
374,Chidera Ejuke,18.0,4.0,3.0,341.0,1364.0,9900000.0,6050000.0,24.0,1.76,74.0,81.0,1.0,3.0,4.0,65.0,70.0,44.0,68.0,59.0,80.0,64.0,36.0,50.0,74.0,95.0,93.0,89.0,65.0,90.0,69.0,56.0,76.0,59.0,71.0,40.0,31.0,71.0,66.0,49.0,66.0,37.0,31.0,75.0,40.0
375,Aleksandr Sobolev,23.0,8.0,4.0,194.0,1552.0,9900000.0,3850000.0,24.0,1.91,75.0,80.0,1.0,3.0,2.0,35.0,76.0,78.0,72.0,69.0,73.0,55.0,58.0,45.0,72.0,70.0,72.0,66.0,73.0,57.0,80.0,75.0,66.0,78.0,69.0,65.0,28.0,75.0,65.0,74.0,71.0,41.0,29.0,77.0,44.0
377,Rhian Brewster,13.0,3.0,0.0,267.0,802.0,9900000.0,5940000.0,21.0,1.8,69.0,80.0,1.0,4.0,3.0,50.0,73.0,58.0,61.0,70.0,72.0,47.0,58.0,50.0,69.0,79.0,79.0,77.0,71.0,76.0,71.0,67.0,64.0,62.0,67.0,51.0,15.0,70.0,56.0,61.0,62.0,18.0,17.0,71.0,14.0
378,Ademola Lookman,19.0,5.0,3.0,218.0,1088.0,9900000.0,9900000.0,24.0,1.74,77.0,83.0,1.0,4.0,4.0,73.0,74.0,48.0,72.0,60.0,83.0,69.0,51.0,53.0,80.0,87.0,83.0,90.0,69.0,85.0,77.0,64.0,75.0,55.0,70.0,62.0,32.0,74.0,72.0,62.0,76.0,23.0,24.0,78.0,27.0
379,Riccardo Sottil,15.0,3.0,2.0,262.0,785.0,9900000.0,7700000.0,22.0,1.8,70.0,82.0,1.0,3.0,4.0,67.0,65.0,42.0,67.0,52.0,72.0,55.0,45.0,61.0,73.0,84.0,82.0,76.0,62.0,75.0,66.0,45.0,53.0,52.0,51.0,40.0,25.0,68.0,62.0,69.0,60.0,35.0,39.0,71.0,32.0
380,Stephy Mavididi,19.0,6.0,3.0,250.0,1500.0,9900000.0,3960000.0,23.0,1.83,76.0,81.0,1.0,2.0,3.0,69.0,75.0,70.0,71.0,68.0,79.0,53.0,42.0,66.0,74.0,88.0,89.0,70.0,69.0,64.0,73.0,73.0,70.0,74.0,70.0,45.0,24.0,75.0,68.0,59.0,69.0,18.0,20.0,77.0,27.0
381,Orbelín Pineda,14.0,1.0,3.0,1179.0,1179.0,9900000.0,9900000.0,25.0,1.69,77.0,80.0,1.0,4.0,3.0,70.0,75.0,41.0,75.0,67.0,80.0,68.0,56.0,70.0,75.0,84.0,87.0,91.0,70.0,83.0,72.0,64.0,85.0,57.0,73.0,67.0,66.0,70.0,73.0,63.0,69.0,65.0,65.0,78.0,63.0
382,Mergim Berisha,20.0,6.0,3.0,184.0,1102.0,9900000.0,11000000.0,23.0,1.88,75.0,80.0,1.0,3.0,3.0,67.0,77.0,70.0,74.0,68.0,74.0,72.0,68.0,65.0,76.0,73.0,80.0,69.0,70.0,66.0,78.0,73.0,73.0,79.0,74.0,73.0,32.0,74.0,74.0,73.0,74.0,24.0,22.0,77.0,29.0
383,Moussa Marega,14.0,4.0,2.0,295.0,1179.0,9900000.0,11000000.0,30.0,1.83,77.0,77.0,2.0,3.0,3.0,65.0,79.0,77.0,63.0,71.0,64.0,58.0,37.0,52.0,66.0,86.0,88.0,66.0,77.0,50.0,80.0,76.0,89.0,90.0,70.0,89.0,26.0,84.0,67.0,71.0,72.0,34.0,28.0,77.0,45.0
384,Theo Bongonda,27.0,7.0,5.0,286.0,2000.0,9900000.0,6600000.0,26.0,1.77,77.0,79.0,1.0,3.0,4.0,70.0,71.0,49.0,74.0,66.0,83.0,72.0,72.0,67.0,82.0,86.0,75.0,83.0,73.0,79.0,69.0,82.0,70.0,57.0,76.0,56.0,35.0,76.0,72.0,62.0,81.0,26.0,24.0,79.0,37.0
385,Moses Simon,19.0,2.0,6.0,746.0,1492.0,9900000.0,7150000.0,26.0,1.68,75.0,76.0,2.0,4.0,4.0,70.0,70.0,58.0,67.0,72.0,80.0,47.0,55.0,62.0,74.0,91.0,92.0,90.0,68.0,92.0,73.0,89.0,75.0,69.0,66.0,38.0,34.0,72.0,69.0,60.0,74.0,30.0,32.0,75.0,30.0
387,Serhou Guirassy,29.0,4.0,2.0,266.0,1065.0,9900000.0,8800000.0,25.0,1.87,77.0,81.0,2.0,3.0,3.0,56.0,80.0,75.0,73.0,73.0,76.0,66.0,67.0,63.0,79.0,69.0,72.0,68.0,74.0,63.0,76.0,77.0,70.0,80.0,71.0,72.0,29.0,79.0,68.0,79.0,72.0,29.0,34.0,79.0,42.0
389,Enes Ünal,20.0,6.0,0.0,226.0,1358.0,9900000.0,8800000.0,24.0,1.87,75.0,81.0,1.0,3.0,3.0,56.0,75.0,73.0,74.0,74.0,77.0,68.0,63.0,47.0,76.0,69.0,67.0,73.0,73.0,71.0,85.0,80.0,68.0,83.0,72.0,70.0,29.0,74.0,65.0,80.0,68.0,33.0,24.0,77.0,34.0
390,Franck Honorat,22.0,6.0,4.0,304.0,1826.0,9900000.0,1760000.0,25.0,1.8,75.0,77.0,2.0,2.0,4.0,77.0,73.0,59.0,72.0,69.0,78.0,67.0,55.0,63.0,76.0,78.0,76.0,71.0,70.0,68.0,75.0,81.0,67.0,53.0,75.0,46.0,43.0,72.0,72.0,68.0,69.0,45.0,39.0,76.0,49.0
391,Irfan Can Kahveci,16.0,1.0,4.0,1027.0,1027.0,9900000.0,11000000.0,26.0,1.76,75.0,78.0,1.0,4.0,4.0,70.0,67.0,55.0,78.0,60.0,78.0,77.0,77.0,75.0,78.0,75.0,79.0,75.0,75.0,80.0,72.0,62.0,84.0,67.0,72.0,65.0,71.0,67.0,77.0,54.0,74.0,61.0,53.0,77.0,72.0
393,Vincent Aboubakar,15.0,5.0,3.0,215.0,1076.0,9900000.0,11000000.0,29.0,1.84,77.0,77.0,2.0,4.0,4.0,63.0,75.0,75.0,72.0,76.0,80.0,80.0,67.0,68.0,80.0,75.0,75.0,72.0,74.0,63.0,77.0,75.0,71.0,86.0,72.0,76.0,33.0,77.0,76.0,74.0,82.0,23.0,19.0,77.0,44.0
394,Rachid Ghezzal,24.0,3.0,1.0,619.0,1856.0,9900000.0,13200000.0,29.0,1.82,78.0,78.0,2.0,3.0,4.0,84.0,68.0,56.0,80.0,62.0,81.0,83.0,74.0,81.0,82.0,72.0,71.0,80.0,71.0,73.0,72.0,58.0,67.0,51.0,70.0,48.0,27.0,73.0,80.0,72.0,75.0,24.0,23.0,78.0,25.0
395,Viktor Claesson,20.0,3.0,2.0,476.0,1428.0,9900000.0,1650000.0,30.0,1.83,76.0,76.0,1.0,3.0,3.0,68.0,76.0,51.0,75.0,65.0,74.0,70.0,64.0,73.0,77.0,75.0,76.0,78.0,77.0,64.0,78.0,53.0,88.0,72.0,77.0,70.0,40.0,78.0,80.0,64.0,77.0,49.0,50.0,76.0,51.0
396,Artem Dzyuba,24.0,10.0,9.0,135.0,1348.0,9900000.0,7700000.0,33.0,1.96,78.0,78.0,2.0,3.0,3.0,61.0,81.0,87.0,77.0,74.0,73.0,66.0,60.0,57.0,77.0,63.0,66.0,55.0,75.0,35.0,79.0,65.0,78.0,94.0,69.0,80.0,30.0,81.0,77.0,75.0,79.0,17.0,21.0,78.0,25.0
397,Tajon Buchanan,1.0,0.0,0.0,0.0,90.0,9350000.0,9350000.0,22.0,1.83,69.0,77.0,1.0,3.0,3.0,60.0,66.0,60.0,64.0,50.0,75.0,49.0,25.0,45.0,69.0,91.0,89.0,79.0,62.0,64.0,66.0,71.0,69.0,62.0,55.0,59.0,46.0,63.0,62.0,55.0,62.0,62.0,50.0,70.0,50.0
398,Mohamed Daramy,25.0,5.0,5.0,242.0,1212.0,9350000.0,4400000.0,20.0,1.8,69.0,82.0,1.0,3.0,4.0,59.0,61.0,44.0,64.0,54.0,74.0,58.0,49.0,53.0,70.0,86.0,87.0,81.0,60.0,74.0,62.0,76.0,75.0,61.0,51.0,58.0,21.0,67.0,63.0,51.0,62.0,25.0,17.0,70.0,25.0
399,Marcos André,21.0,3.0,2.0,295.0,885.0,9350000.0,3850000.0,25.0,1.85,75.0,81.0,1.0,4.0,3.0,51.0,80.0,74.0,69.0,69.0,73.0,50.0,45.0,57.0,74.0,78.0,74.0,73.0,58.0,69.0,79.0,79.0,68.0,79.0,77.0,62.0,33.0,77.0,55.0,61.0,65.0,36.0,31.0,77.0,33.0
400,Fedor Chalov,18.0,3.0,5.0,348.0,1045.0,9350000.0,440000.0,23.0,1.8,74.0,80.0,1.0,4.0,3.0,63.0,74.0,67.0,74.0,73.0,74.0,61.0,38.0,60.0,76.0,76.0,75.0,75.0,77.0,72.0,72.0,62.0,76.0,67.0,68.0,36.0,44.0,77.0,74.0,71.0,81.0,26.0,23.0,76.0,23.0
401,José Manuel López,40.0,15.0,3.0,160.0,2393.0,8800000.0,0.0,21.0,1.88,74.0,74.0,1.0,3.0,3.0,73.0,55.0,65.0,76.0,49.0,68.0,67.0,52.0,64.0,69.0,63.0,64.0,66.0,75.0,70.0,57.0,76.0,72.0,71.0,43.0,84.0,73.0,61.0,65.0,56.0,81.0,75.0,79.0,74.0,60.0
408,Abdallah Sima,11.0,2.0,1.0,226.0,451.0,8800000.0,8800000.0,20.0,1.88,73.0,86.0,1.0,4.0,2.0,65.0,76.0,76.0,65.0,74.0,69.0,61.0,51.0,55.0,70.0,86.0,89.0,70.0,73.0,61.0,74.0,78.0,86.0,70.0,73.0,65.0,35.0,77.0,68.0,61.0,72.0,38.0,40.0,77.0,38.0
410,Nico Williams,23.0,3.0,0.0,305.0,916.0,8800000.0,1650000.0,19.0,1.81,68.0,82.0,1.0,3.0,2.0,69.0,35.0,50.0,67.0,36.0,66.0,52.0,39.0,61.0,67.0,76.0,73.0,73.0,66.0,78.0,42.0,61.0,64.0,56.0,29.0,61.0,64.0,42.0,48.0,45.0,64.0,66.0,63.0,69.0,65.0
413,Ricardo Pepi,1.0,0.0,0.0,0.0,30.0,8800000.0,8800000.0,19.0,1.85,65.0,80.0,1.0,3.0,3.0,25.0,70.0,60.0,65.0,62.0,59.0,44.0,54.0,40.0,63.0,64.0,61.0,62.0,68.0,56.0,68.0,62.0,70.0,63.0,50.0,27.0,30.0,68.0,52.0,66.0,61.0,30.0,24.0,67.0,34.0
414,Armand Laurienté,17.0,4.0,0.0,284.0,1136.0,8800000.0,1100000.0,23.0,1.77,73.0,80.0,1.0,3.0,3.0,72.0,67.0,43.0,70.0,75.0,78.0,81.0,83.0,61.0,75.0,77.0,77.0,72.0,64.0,90.0,82.0,57.0,63.0,33.0,76.0,47.0,24.0,70.0,71.0,54.0,69.0,38.0,42.0,74.0,27.0
415,Hugo Duro,18.0,5.0,3.0,234.0,1171.0,8800000.0,8800000.0,22.0,1.82,71.0,82.0,1.0,3.0,3.0,31.0,76.0,62.0,56.0,64.0,74.0,38.0,27.0,34.0,75.0,73.0,74.0,68.0,66.0,70.0,70.0,71.0,59.0,68.0,69.0,35.0,22.0,73.0,49.0,64.0,63.0,17.0,20.0,73.0,37.0
416,Gonçalo Ramos,25.0,1.0,3.0,1014.0,1014.0,8800000.0,743000.0,20.0,1.85,72.0,86.0,1.0,4.0,2.0,60.0,73.0,74.0,70.0,64.0,69.0,60.0,41.0,62.0,70.0,83.0,79.0,79.0,74.0,76.0,70.0,82.0,87.0,85.0,67.0,71.0,31.0,74.0,63.0,57.0,66.0,31.0,17.0,75.0,29.0
418,Georginio Rutter,21.0,4.0,5.0,238.0,951.0,8800000.0,1650000.0,19.0,1.82,67.0,80.0,1.0,5.0,3.0,43.0,67.0,69.0,62.0,57.0,68.0,56.0,33.0,51.0,69.0,74.0,79.0,71.0,58.0,67.0,67.0,69.0,57.0,69.0,59.0,32.0,12.0,64.0,59.0,68.0,56.0,22.0,17.0,69.0,17.0
419,Anthony Gordon,18.0,2.0,2.0,532.0,1064.0,8800000.0,5500000.0,20.0,1.82,67.0,81.0,1.0,3.0,3.0,62.0,62.0,45.0,62.0,44.0,73.0,63.0,59.0,51.0,69.0,78.0,79.0,68.0,59.0,66.0,61.0,55.0,63.0,51.0,62.0,54.0,28.0,62.0,63.0,65.0,62.0,28.0,25.0,68.0,32.0
420,Emmanuel Dennis,20.0,8.0,5.0,181.0,1447.0,8800000.0,5500000.0,24.0,1.75,74.0,79.0,1.0,3.0,4.0,67.0,73.0,74.0,64.0,66.0,76.0,62.0,41.0,58.0,74.0,91.0,85.0,88.0,77.0,80.0,78.0,94.0,71.0,63.0,68.0,68.0,13.0,69.0,54.0,56.0,67.0,45.0,27.0,76.0,38.0
421,Joshua Zirkzee,25.0,11.0,7.0,139.0,1533.0,8800000.0,8800000.0,20.0,1.93,68.0,80.0,1.0,3.0,3.0,35.0,70.0,67.0,59.0,54.0,70.0,61.0,61.0,33.0,72.0,69.0,69.0,66.0,64.0,60.0,67.0,66.0,63.0,78.0,52.0,43.0,14.0,69.0,53.0,50.0,67.0,14.0,16.0,70.0,10.0
422,Adam Ounas,14.0,2.0,0.0,170.0,339.0,8800000.0,8800000.0,25.0,1.72,74.0,78.0,1.0,4.0,4.0,68.0,64.0,51.0,75.0,66.0,80.0,72.0,62.0,65.0,78.0,87.0,82.0,89.0,62.0,80.0,70.0,61.0,72.0,55.0,69.0,79.0,47.0,69.0,75.0,60.0,65.0,54.0,47.0,76.0,28.0
423,Dennis Man,11.0,2.0,0.0,318.0,636.0,8800000.0,7150000.0,23.0,1.83,74.0,83.0,1.0,3.0,4.0,70.0,77.0,68.0,67.0,65.0,72.0,64.0,66.0,64.0,75.0,88.0,85.0,87.0,68.0,81.0,69.0,66.0,81.0,66.0,68.0,68.0,47.0,71.0,70.0,62.0,72.0,48.0,45.0,75.0,43.0
424,Josh Sargent,22.0,4.0,1.0,335.0,1339.0,8800000.0,8800000.0,21.0,1.85,71.0,82.0,1.0,4.0,3.0,58.0,71.0,66.0,66.0,65.0,70.0,62.0,56.0,55.0,71.0,78.0,73.0,76.0,73.0,68.0,75.0,64.0,80.0,68.0,65.0,66.0,43.0,74.0,62.0,58.0,67.0,37.0,33.0,73.0,39.0
425,Tino Kadewere,9.0,0.0,0.0,0.0,322.0,8800000.0,7150000.0,26.0,1.83,77.0,80.0,2.0,3.0,3.0,67.0,79.0,69.0,74.0,69.0,78.0,67.0,48.0,60.0,77.0,82.0,83.0,82.0,77.0,74.0,78.0,79.0,77.0,72.0,68.0,59.0,30.0,79.0,74.0,73.0,75.0,39.0,35.0,79.0,34.0
426,Grady Diangana,23.0,1.0,1.0,1158.0,1158.0,8800000.0,4950000.0,23.0,1.8,73.0,81.0,1.0,3.0,4.0,72.0,65.0,37.0,72.0,48.0,79.0,53.0,49.0,55.0,74.0,87.0,79.0,78.0,68.0,79.0,55.0,52.0,66.0,56.0,67.0,48.0,27.0,65.0,70.0,50.0,60.0,26.0,23.0,74.0,26.0
427,Christian Kouamé,17.0,8.0,1.0,172.0,1377.0,8800000.0,8800000.0,24.0,1.85,74.0,80.0,1.0,4.0,3.0,58.0,76.0,74.0,70.0,66.0,79.0,52.0,45.0,58.0,77.0,81.0,84.0,76.0,69.0,65.0,72.0,94.0,63.0,70.0,60.0,50.0,36.0,76.0,66.0,61.0,68.0,35.0,32.0,76.0,34.0
428,Karlan Grant,26.0,9.0,5.0,228.0,2052.0,8800000.0,8800000.0,24.0,1.83,72.0,78.0,1.0,3.0,3.0,66.0,75.0,62.0,66.0,65.0,73.0,63.0,63.0,43.0,72.0,85.0,87.0,73.0,71.0,63.0,73.0,72.0,76.0,71.0,72.0,35.0,29.0,71.0,67.0,74.0,61.0,23.0,24.0,74.0,40.0
429,Tyler Roberts,23.0,2.0,1.0,548.0,1096.0,8800000.0,275000.0,23.0,1.8,73.0,80.0,1.0,3.0,3.0,64.0,70.0,65.0,73.0,59.0,75.0,57.0,42.0,65.0,77.0,75.0,75.0,77.0,67.0,74.0,73.0,56.0,76.0,76.0,65.0,57.0,37.0,72.0,73.0,70.0,76.0,39.0,27.0,75.0,31.0
431,Milot Rashica,17.0,1.0,1.0,1034.0,1034.0,8800000.0,9900000.0,25.0,1.77,77.0,82.0,1.0,4.0,4.0,73.0,74.0,53.0,71.0,76.0,85.0,78.0,69.0,67.0,79.0,93.0,75.0,90.0,77.0,82.0,85.0,47.0,76.0,60.0,76.0,67.0,47.0,72.0,70.0,73.0,79.0,40.0,36.0,79.0,52.0
432,Lys Mousset,7.0,3.0,0.0,107.0,320.0,8800000.0,3850000.0,25.0,1.84,70.0,74.0,1.0,3.0,3.0,54.0,71.0,63.0,61.0,66.0,73.0,62.0,41.0,44.0,70.0,78.0,79.0,72.0,67.0,68.0,76.0,67.0,68.0,76.0,70.0,44.0,22.0,69.0,56.0,70.0,62.0,20.0,17.0,72.0,19.0
433,Jonathan Rodríguez,13.0,3.0,0.0,260.0,781.0,8800000.0,8800000.0,28.0,1.81,81.0,81.0,4.0,3.0,4.0,89.0,84.0,62.0,84.0,90.0,86.0,89.0,86.0,85.0,90.0,55.0,51.0,78.0,83.0,76.0,86.0,46.0,55.0,64.0,91.0,60.0,55.0,80.0,84.0,81.0,87.0,41.0,44.0,83.0,52.0
443,Robert Skov,7.0,0.0,3.0,0.0,270.0,8800000.0,14300000.0,25.0,1.85,75.0,78.0,1.0,3.0,3.0,85.0,72.0,52.0,73.0,73.0,73.0,87.0,88.0,70.0,73.0,76.0,79.0,76.0,73.0,74.0,88.0,49.0,77.0,69.0,82.0,74.0,60.0,72.0,70.0,74.0,72.0,69.0,65.0,76.0,65.0
445,Rubén García,20.0,0.0,1.0,0.0,1346.0,8800000.0,3850000.0,28.0,1.71,80.0,80.0,2.0,3.0,3.0,80.0,80.0,90.0,83.0,73.0,80.0,78.0,68.0,82.0,85.0,45.0,37.0,54.0,83.0,61.0,85.0,92.0,75.0,86.0,86.0,84.0,69.0,85.0,83.0,85.0,85.0,74.0,63.0,81.0,44.0
448,Andreas Cornelius,22.0,11.0,2.0,116.0,1273.0,8800000.0,6600000.0,28.0,1.93,73.0,73.0,2.0,3.0,3.0,42.0,73.0,80.0,69.0,68.0,64.0,45.0,56.0,51.0,70.0,61.0,67.0,49.0,68.0,62.0,79.0,74.0,64.0,92.0,68.0,72.0,28.0,75.0,59.0,65.0,70.0,26.0,13.0,73.0,40.0
449,Nicolás López,17.0,9.0,3.0,135.0,1218.0,8800000.0,3300000.0,28.0,1.78,76.0,76.0,1.0,3.0,3.0,72.0,79.0,70.0,74.0,72.0,81.0,74.0,54.0,62.0,77.0,78.0,78.0,82.0,73.0,77.0,78.0,65.0,70.0,71.0,78.0,42.0,20.0,78.0,70.0,66.0,72.0,20.0,23.0,77.0,19.0
450,Moi Gómez,26.0,1.0,2.0,1178.0,1178.0,8800000.0,5500000.0,27.0,1.76,78.0,78.0,1.0,5.0,4.0,78.0,75.0,54.0,80.0,65.0,79.0,82.0,59.0,76.0,80.0,69.0,67.0,76.0,74.0,73.0,74.0,64.0,78.0,56.0,75.0,52.0,54.0,76.0,77.0,59.0,75.0,52.0,41.0,78.0,65.0
452,Hélder Costa,19.0,0.0,2.0,0.0,1107.0,8800000.0,8800000.0,28.0,1.79,74.0,74.0,2.0,4.0,4.0,68.0,65.0,44.0,69.0,61.0,77.0,74.0,69.0,62.0,76.0,86.0,85.0,81.0,72.0,76.0,73.0,34.0,68.0,54.0,63.0,49.0,18.0,72.0,71.0,69.0,70.0,29.0,25.0,74.0,32.0
453,Ryan Fraser,17.0,0.0,1.0,0.0,847.0,8800000.0,19250000.0,27.0,1.63,75.0,75.0,1.0,4.0,3.0,76.0,71.0,30.0,65.0,62.0,77.0,80.0,72.0,65.0,75.0,89.0,80.0,89.0,72.0,96.0,71.0,56.0,58.0,50.0,72.0,65.0,45.0,74.0,73.0,69.0,76.0,53.0,42.0,75.0,45.0
454,Joshua King,18.0,5.0,3.0,281.0,1403.0,8800000.0,8800000.0,30.0,1.87,75.0,75.0,1.0,3.0,4.0,65.0,75.0,68.0,72.0,73.0,77.0,70.0,53.0,62.0,76.0,77.0,81.0,74.0,72.0,73.0,77.0,72.0,57.0,76.0,75.0,73.0,34.0,75.0,71.0,81.0,77.0,39.0,27.0,75.0,33.0
456,Xherdan Shaqiri,13.0,1.0,2.0,871.0,871.0,8800000.0,13200000.0,30.0,1.69,79.0,79.0,3.0,4.0,5.0,79.0,70.0,45.0,80.0,76.0,80.0,85.0,82.0,78.0,82.0,77.0,73.0,83.0,77.0,91.0,87.0,51.0,65.0,71.0,81.0,61.0,55.0,75.0,80.0,65.0,79.0,49.0,48.0,79.0,35.0
457,Ibrahima Niane,19.0,2.0,1.0,617.0,1234.0,8250000.0,0.0,22.0,1.87,73.0,81.0,1.0,3.0,3.0,56.0,75.0,75.0,58.0,55.0,74.0,58.0,51.0,44.0,70.0,85.0,80.0,73.0,67.0,54.0,79.0,73.0,65.0,70.0,70.0,36.0,13.0,74.0,54.0,71.0,67.0,14.0,16.0,75.0,13.0
458,Brian Brobbey,14.0,0.0,3.0,0.0,252.0,8250000.0,8250000.0,19.0,1.8,73.0,85.0,1.0,4.0,3.0,35.0,75.0,69.0,69.0,58.0,64.0,49.0,39.0,53.0,72.0,81.0,85.0,59.0,67.0,84.0,72.0,89.0,66.0,92.0,63.0,69.0,26.0,74.0,52.0,66.0,74.0,23.0,24.0,75.0,28.0
459,Junya Ito,31.0,4.0,11.0,615.0,2458.0,8250000.0,4950000.0,28.0,1.76,77.0,77.0,1.0,4.0,4.0,76.0,73.0,44.0,73.0,69.0,77.0,63.0,65.0,66.0,75.0,91.0,88.0,82.0,73.0,77.0,68.0,87.0,89.0,61.0,71.0,64.0,67.0,76.0,78.0,57.0,77.0,61.0,56.0,77.0,54.0
461,Georgios Masouras,24.0,6.0,4.0,302.0,1813.0,8250000.0,1100000.0,28.0,1.84,76.0,76.0,1.0,4.0,3.0,75.0,77.0,74.0,75.0,69.0,72.0,75.0,56.0,71.0,78.0,82.0,84.0,76.0,72.0,68.0,77.0,69.0,76.0,69.0,74.0,62.0,42.0,77.0,68.0,59.0,72.0,41.0,42.0,76.0,63.0
463,Antonio Sanabria,20.0,3.0,2.0,453.0,1360.0,8250000.0,7150000.0,25.0,1.81,74.0,79.0,1.0,4.0,4.0,67.0,75.0,74.0,73.0,67.0,73.0,73.0,64.0,63.0,77.0,72.0,74.0,82.0,73.0,75.0,74.0,77.0,65.0,71.0,65.0,32.0,21.0,78.0,72.0,69.0,75.0,20.0,15.0,76.0,42.0
464,Darwin Machís,14.0,2.0,1.0,436.0,871.0,8250000.0,3300000.0,28.0,1.71,81.0,81.0,1.0,4.0,4.0,79.0,82.0,51.0,76.0,57.0,83.0,65.0,78.0,71.0,81.0,90.0,86.0,92.0,75.0,93.0,84.0,81.0,71.0,68.0,81.0,72.0,38.0,79.0,75.0,72.0,79.0,35.0,24.0,81.0,40.0
465,Robin Quaison,14.0,5.0,0.0,219.0,1097.0,8250000.0,8250000.0,28.0,1.83,74.0,75.0,2.0,3.0,3.0,67.0,75.0,54.0,70.0,76.0,79.0,72.0,56.0,66.0,78.0,76.0,66.0,75.0,79.0,75.0,76.0,56.0,78.0,72.0,73.0,56.0,49.0,80.0,65.0,67.0,76.0,39.0,55.0,75.0,39.0
466,Martin Braithwaite,3.0,2.0,1.0,113.0,226.0,8250000.0,11000000.0,30.0,1.77,77.0,77.0,2.0,4.0,4.0,68.0,78.0,67.0,75.0,75.0,78.0,71.0,75.0,65.0,81.0,79.0,80.0,81.0,77.0,70.0,77.0,81.0,76.0,75.0,71.0,69.0,31.0,78.0,74.0,73.0,76.0,30.0,26.0,77.0,35.0
467,Marcos Paulo,18.0,0.0,0.0,0.0,666.0,7700000.0,7700000.0,20.0,1.86,70.0,70.0,1.0,3.0,3.0,63.0,51.0,61.0,74.0,52.0,71.0,72.0,73.0,67.0,73.0,66.0,67.0,69.0,68.0,69.0,77.0,71.0,80.0,67.0,76.0,60.0,61.0,60.0,72.0,79.0,68.0,66.0,63.0,70.0,72.0
469,José Macías,8.0,0.0,0.0,0.0,221.0,7700000.0,7700000.0,22.0,1.78,75.0,84.0,1.0,3.0,3.0,52.0,77.0,73.0,72.0,60.0,76.0,50.0,50.0,52.0,76.0,73.0,73.0,65.0,76.0,69.0,73.0,59.0,64.0,70.0,68.0,40.0,19.0,80.0,55.0,75.0,67.0,19.0,20.0,77.0,21.0
471,Ignatius Ganago,14.0,4.0,0.0,166.0,664.0,7700000.0,3960000.0,22.0,1.79,74.0,79.0,1.0,3.0,3.0,62.0,76.0,65.0,66.0,60.0,76.0,59.0,40.0,54.0,75.0,81.0,83.0,78.0,67.0,79.0,79.0,68.0,69.0,76.0,69.0,48.0,45.0,75.0,48.0,66.0,70.0,17.0,14.0,76.0,39.0
472,Kevin Schade,18.0,4.0,1.0,190.0,761.0,7700000.0,495000.0,20.0,1.84,63.0,76.0,1.0,3.0,2.0,56.0,65.0,47.0,62.0,58.0,66.0,39.0,28.0,38.0,64.0,81.0,77.0,68.0,57.0,62.0,60.0,63.0,52.0,64.0,54.0,36.0,23.0,62.0,53.0,57.0,45.0,21.0,19.0,64.0,17.0
474,Aaron Connolly,6.0,2.0,0.0,160.0,320.0,7700000.0,7700000.0,21.0,1.75,70.0,77.0,1.0,3.0,2.0,40.0,70.0,66.0,65.0,67.0,69.0,32.0,39.0,42.0,72.0,78.0,73.0,77.0,73.0,76.0,74.0,72.0,67.0,61.0,69.0,68.0,16.0,72.0,47.0,61.0,63.0,18.0,15.0,72.0,12.0
475,Aaron Boupendza,12.0,4.0,2.0,255.0,1021.0,7700000.0,9350000.0,25.0,1.8,76.0,79.0,1.0,3.0,4.0,64.0,78.0,68.0,69.0,74.0,81.0,76.0,73.0,61.0,77.0,85.0,84.0,87.0,69.0,75.0,81.0,82.0,70.0,72.0,74.0,65.0,20.0,77.0,66.0,71.0,70.0,24.0,20.0,78.0,22.0
476,Jonas Wind,27.0,11.0,6.0,190.0,2087.0,7700000.0,110000.0,22.0,1.9,72.0,79.0,1.0,3.0,3.0,56.0,70.0,71.0,71.0,64.0,73.0,64.0,65.0,65.0,74.0,68.0,73.0,63.0,71.0,67.0,73.0,71.0,77.0,84.0,66.0,64.0,34.0,74.0,73.0,76.0,72.0,29.0,22.0,74.0,35.0
477,Henry Onyekuru,21.0,1.0,1.0,1081.0,1081.0,7700000.0,7700000.0,24.0,1.75,75.0,80.0,2.0,4.0,4.0,66.0,72.0,57.0,67.0,69.0,82.0,70.0,45.0,63.0,76.0,93.0,92.0,91.0,66.0,84.0,71.0,88.0,69.0,44.0,70.0,53.0,18.0,71.0,65.0,65.0,69.0,38.0,25.0,76.0,37.0
478,Roberto Alvarado,16.0,4.0,1.0,247.0,988.0,7700000.0,7700000.0,23.0,1.76,76.0,83.0,1.0,4.0,4.0,74.0,68.0,51.0,75.0,62.0,75.0,76.0,65.0,72.0,78.0,81.0,72.0,90.0,70.0,77.0,77.0,59.0,84.0,71.0,76.0,55.0,55.0,71.0,79.0,62.0,68.0,49.0,60.0,77.0,55.0
479,Anders Dreyer,21.0,10.0,5.0,178.0,1776.0,7700000.0,6600000.0,23.0,1.74,72.0,78.0,1.0,3.0,3.0,68.0,68.0,45.0,69.0,63.0,76.0,74.0,63.0,63.0,71.0,81.0,72.0,88.0,69.0,87.0,78.0,83.0,76.0,58.0,70.0,57.0,29.0,70.0,69.0,65.0,72.0,36.0,35.0,73.0,39.0
480,Abel Ruiz,21.0,2.0,1.0,442.0,883.0,7700000.0,4950000.0,21.0,1.8,72.0,72.0,2.0,2.0,4.0,74.0,69.0,61.0,75.0,69.0,76.0,75.0,73.0,71.0,76.0,58.0,51.0,70.0,66.0,69.0,80.0,51.0,63.0,75.0,75.0,59.0,30.0,68.0,73.0,69.0,76.0,33.0,31.0,72.0,29.0
482,Reiss Nelson,16.0,1.0,1.0,416.0,416.0,7700000.0,7700000.0,22.0,1.75,72.0,81.0,1.0,3.0,4.0,65.0,69.0,39.0,68.0,55.0,77.0,66.0,67.0,58.0,76.0,85.0,85.0,83.0,65.0,76.0,67.0,41.0,64.0,53.0,54.0,42.0,42.0,71.0,67.0,60.0,60.0,37.0,37.0,74.0,24.0
483,Javairô Dilrosun,21.0,1.0,5.0,1255.0,1255.0,7700000.0,7700000.0,23.0,1.75,73.0,79.0,1.0,2.0,4.0,70.0,70.0,32.0,69.0,60.0,83.0,60.0,49.0,58.0,78.0,87.0,80.0,85.0,64.0,77.0,72.0,40.0,66.0,54.0,42.0,34.0,42.0,68.0,54.0,55.0,56.0,44.0,27.0,74.0,50.0
484,Oliver McBurnie,14.0,1.0,1.0,570.0,570.0,7700000.0,8800000.0,25.0,1.88,71.0,75.0,1.0,3.0,3.0,40.0,71.0,76.0,69.0,71.0,69.0,42.0,31.0,55.0,73.0,54.0,55.0,55.0,70.0,54.0,77.0,77.0,69.0,79.0,58.0,77.0,28.0,71.0,66.0,65.0,68.0,29.0,20.0,73.0,32.0
485,Ezequiel Ponce,11.0,4.0,1.0,198.0,790.0,7700000.0,4400000.0,24.0,1.81,74.0,80.0,1.0,3.0,3.0,59.0,76.0,75.0,65.0,67.0,74.0,68.0,57.0,50.0,73.0,78.0,76.0,75.0,73.0,76.0,76.0,79.0,74.0,74.0,68.0,45.0,29.0,75.0,57.0,66.0,70.0,30.0,28.0,76.0,39.0
486,Sebastián Driussi,1.0,0.0,0.0,0.0,82.0,7700000.0,8250000.0,25.0,1.79,75.0,79.0,1.0,2.0,3.0,64.0,75.0,71.0,81.0,71.0,73.0,52.0,40.0,72.0,75.0,84.0,79.0,83.0,74.0,71.0,75.0,67.0,80.0,72.0,74.0,49.0,21.0,72.0,74.0,69.0,66.0,23.0,16.0,78.0,22.0
487,Nuno Santos,30.0,8.0,3.0,210.0,1683.0,7700000.0,4400000.0,26.0,1.77,78.0,79.0,1.0,3.0,4.0,79.0,70.0,57.0,74.0,84.0,81.0,77.0,72.0,71.0,80.0,84.0,79.0,81.0,79.0,72.0,83.0,57.0,78.0,60.0,76.0,74.0,59.0,76.0,74.0,71.0,75.0,33.0,26.0,79.0,44.0
489,Carles Pérez,18.0,2.0,1.0,360.0,720.0,7700000.0,9900000.0,23.0,1.73,75.0,81.0,1.0,2.0,4.0,63.0,72.0,53.0,74.0,58.0,79.0,66.0,54.0,58.0,83.0,84.0,79.0,81.0,68.0,82.0,85.0,59.0,66.0,64.0,74.0,55.0,23.0,70.0,64.0,57.0,57.0,37.0,34.0,76.0,38.0
490,Ianis Hagi,25.0,3.0,4.0,560.0,1681.0,7700000.0,4950000.0,23.0,1.82,74.0,82.0,1.0,5.0,4.0,71.0,70.0,60.0,75.0,66.0,76.0,80.0,68.0,72.0,75.0,78.0,75.0,85.0,71.0,69.0,71.0,47.0,84.0,67.0,74.0,57.0,32.0,72.0,76.0,67.0,71.0,31.0,33.0,77.0,38.0
491,Marco Richter,20.0,6.0,1.0,193.0,1160.0,7700000.0,5500000.0,24.0,1.76,74.0,78.0,1.0,4.0,3.0,68.0,70.0,58.0,69.0,63.0,78.0,60.0,37.0,56.0,76.0,86.0,68.0,80.0,75.0,78.0,75.0,66.0,71.0,63.0,68.0,41.0,22.0,74.0,69.0,56.0,62.0,25.0,26.0,75.0,21.0
493,Peter Olayinka,21.0,6.0,2.0,198.0,1190.0,7700000.0,2750000.0,26.0,1.88,76.0,78.0,1.0,3.0,3.0,73.0,70.0,77.0,70.0,66.0,76.0,74.0,64.0,65.0,75.0,84.0,84.0,80.0,75.0,69.0,71.0,76.0,88.0,74.0,63.0,74.0,56.0,74.0,71.0,65.0,75.0,55.0,51.0,77.0,56.0
494,Oussama Idrissi,7.0,0.0,1.0,0.0,245.0,7700000.0,8800000.0,25.0,1.75,76.0,79.0,1.0,2.0,4.0,64.0,75.0,48.0,74.0,74.0,82.0,84.0,68.0,68.0,80.0,85.0,82.0,80.0,71.0,72.0,81.0,35.0,75.0,69.0,80.0,68.0,25.0,73.0,67.0,45.0,74.0,37.0,34.0,78.0,36.0
495,Keita Baldé,15.0,3.0,2.0,297.0,892.0,7700000.0,8800000.0,26.0,1.81,76.0,79.0,2.0,4.0,4.0,74.0,76.0,70.0,74.0,68.0,81.0,69.0,58.0,64.0,78.0,90.0,91.0,80.0,70.0,77.0,79.0,78.0,69.0,75.0,70.0,54.0,31.0,74.0,70.0,60.0,79.0,29.0,28.0,79.0,17.0
496,Steve Mounié,19.0,5.0,1.0,318.0,1589.0,7700000.0,7150000.0,27.0,1.9,74.0,75.0,2.0,3.0,2.0,60.0,74.0,84.0,68.0,68.0,68.0,52.0,41.0,59.0,74.0,61.0,66.0,58.0,69.0,52.0,76.0,92.0,70.0,84.0,68.0,77.0,42.0,76.0,64.0,66.0,70.0,41.0,39.0,75.0,39.0
497,Denis Bouanga,17.0,3.0,0.0,367.0,1101.0,7700000.0,6600000.0,27.0,1.8,76.0,77.0,2.0,4.0,4.0,73.0,74.0,69.0,71.0,70.0,80.0,76.0,69.0,60.0,79.0,82.0,83.0,82.0,73.0,65.0,76.0,67.0,76.0,67.0,74.0,65.0,38.0,75.0,72.0,74.0,72.0,27.0,19.0,77.0,45.0
498,Mariano Díaz,5.0,0.0,1.0,0.0,178.0,7700000.0,24200000.0,28.0,1.8,76.0,76.0,1.0,3.0,3.0,71.0,55.0,63.0,82.0,65.0,70.0,83.0,72.0,80.0,80.0,65.0,53.0,75.0,77.0,91.0,79.0,72.0,77.0,68.0,73.0,80.0,73.0,65.0,77.0,69.0,81.0,67.0,68.0,76.0,72.0
500,Jed Wallace,22.0,5.0,6.0,373.0,1863.0,7700000.0,385000.0,27.0,1.78,74.0,74.0,1.0,4.0,4.0,74.0,72.0,49.0,70.0,55.0,76.0,68.0,73.0,64.0,75.0,78.0,76.0,80.0,74.0,74.0,68.0,68.0,86.0,61.0,72.0,58.0,40.0,73.0,76.0,70.0,65.0,49.0,43.0,74.0,45.0
501,Naïm Sliti,13.0,3.0,2.0,269.0,807.0,7700000.0,7700000.0,29.0,1.73,75.0,75.0,1.0,3.0,4.0,70.0,71.0,49.0,75.0,71.0,79.0,70.0,65.0,64.0,77.0,73.0,72.0,79.0,71.0,80.0,71.0,67.0,76.0,67.0,72.0,61.0,32.0,73.0,75.0,70.0,74.0,35.0,27.0,75.0,31.0
502,Gianluca Caprari,20.0,6.0,5.0,233.0,1399.0,7700000.0,7700000.0,28.0,1.71,75.0,75.0,2.0,4.0,3.0,66.0,70.0,47.0,74.0,66.0,81.0,74.0,75.0,62.0,79.0,89.0,79.0,91.0,72.0,89.0,73.0,34.0,65.0,51.0,71.0,30.0,16.0,70.0,72.0,54.0,69.0,13.0,12.0,76.0,22.0
503,Maximilian Philipp,16.0,0.0,2.0,0.0,838.0,7700000.0,7700000.0,27.0,1.83,77.0,78.0,2.0,4.0,3.0,68.0,78.0,50.0,76.0,78.0,80.0,68.0,65.0,62.0,80.0,80.0,76.0,79.0,77.0,76.0,82.0,59.0,70.0,67.0,79.0,36.0,39.0,76.0,74.0,83.0,69.0,48.0,34.0,78.0,39.0
504,Stephan El Shaarawy,23.0,6.0,1.0,177.0,1062.0,7700000.0,8800000.0,29.0,1.78,79.0,79.0,3.0,3.0,4.0,75.0,74.0,65.0,75.0,83.0,79.0,85.0,68.0,66.0,77.0,87.0,87.0,93.0,75.0,80.0,73.0,69.0,71.0,64.0,77.0,51.0,36.0,79.0,78.0,69.0,73.0,37.0,35.0,79.0,59.0
505,Iago Aspas,20.0,10.0,2.0,154.0,1536.0,7700000.0,4400000.0,34.0,1.76,84.0,84.0,2.0,4.0,3.0,80.0,89.0,77.0,80.0,83.0,87.0,79.0,83.0,73.0,86.0,78.0,86.0,90.0,84.0,72.0,79.0,66.0,69.0,60.0,81.0,63.0,39.0,84.0,81.0,82.0,85.0,21.0,18.0,84.0,39.0
506,Andros Townsend,19.0,6.0,3.0,256.0,1534.0,7700000.0,7700000.0,30.0,1.81,77.0,77.0,2.0,4.0,4.0,78.0,69.0,48.0,75.0,72.0,81.0,80.0,78.0,70.0,79.0,78.0,77.0,79.0,75.0,77.0,83.0,44.0,74.0,62.0,76.0,76.0,37.0,74.0,76.0,76.0,72.0,35.0,34.0,77.0,41.0
507,Fedor Smolov,22.0,7.0,0.0,246.0,1720.0,7700000.0,7700000.0,31.0,1.86,76.0,76.0,2.0,3.0,4.0,68.0,76.0,69.0,75.0,76.0,75.0,75.0,67.0,62.0,74.0,81.0,81.0,73.0,73.0,66.0,80.0,67.0,72.0,74.0,74.0,67.0,32.0,79.0,75.0,73.0,73.0,28.0,24.0,76.0,26.0
508,Christian Benteke,22.0,4.0,1.0,282.0,1129.0,7700000.0,29700000.0,31.0,1.9,75.0,75.0,2.0,2.0,2.0,58.0,76.0,85.0,66.0,76.0,64.0,61.0,64.0,51.0,77.0,51.0,56.0,61.0,76.0,43.0,81.0,87.0,59.0,87.0,70.0,60.0,29.0,77.0,69.0,71.0,71.0,25.0,18.0,75.0,28.0
510,Junior Messias,13.0,4.0,0.0,190.0,759.0,7150000.0,7150000.0,30.0,1.74,74.0,74.0,1.0,3.0,3.0,66.0,69.0,52.0,76.0,61.0,79.0,72.0,73.0,69.0,76.0,80.0,83.0,75.0,69.0,68.0,68.0,53.0,65.0,52.0,70.0,45.0,44.0,70.0,71.0,62.0,61.0,35.0,27.0,74.0,31.0
511,Andreas Skov Olsen,18.0,0.0,2.0,0.0,705.0,7150000.0,8800000.0,22.0,1.87,72.0,81.0,1.0,4.0,3.0,68.0,68.0,64.0,68.0,59.0,77.0,70.0,62.0,63.0,76.0,80.0,82.0,70.0,64.0,74.0,74.0,69.0,65.0,67.0,71.0,62.0,24.0,74.0,68.0,68.0,68.0,34.0,24.0,74.0,36.0
512,Alexis Vega,10.0,1.0,2.0,765.0,765.0,7150000.0,770000.0,24.0,1.73,73.0,81.0,1.0,3.0,3.0,65.0,76.0,59.0,76.0,65.0,80.0,53.0,70.0,72.0,76.0,79.0,78.0,77.0,72.0,75.0,75.0,70.0,78.0,76.0,75.0,55.0,16.0,71.0,75.0,66.0,71.0,19.0,18.0,78.0,44.0
513,Ritsu Doan,15.0,5.0,2.0,191.0,953.0,7150000.0,7700000.0,23.0,1.72,76.0,82.0,1.0,3.0,4.0,70.0,68.0,45.0,75.0,59.0,80.0,67.0,67.0,68.0,79.0,78.0,79.0,86.0,74.0,92.0,76.0,34.0,77.0,55.0,74.0,41.0,41.0,71.0,76.0,58.0,73.0,36.0,42.0,78.0,39.0
514,Shamar Nicholson,18.0,13.0,5.0,103.0,1339.0,7150000.0,7150000.0,24.0,1.92,65.0,65.0,1.0,4.0,3.0,59.0,60.0,55.0,60.0,57.0,65.0,51.0,39.0,54.0,63.0,91.0,82.0,83.0,59.0,83.0,63.0,59.0,65.0,60.0,64.0,65.0,34.0,61.0,59.0,50.0,57.0,53.0,34.0,65.0,53.0
516,François Kamano,18.0,3.0,1.0,429.0,1288.0,7150000.0,8800000.0,25.0,1.82,75.0,78.0,1.0,4.0,4.0,70.0,73.0,49.0,70.0,67.0,78.0,71.0,68.0,55.0,75.0,86.0,85.0,79.0,72.0,75.0,74.0,54.0,68.0,59.0,74.0,59.0,29.0,74.0,68.0,67.0,71.0,35.0,30.0,76.0,37.0
517,Jacob Bruun Larsen,13.0,4.0,1.0,142.0,569.0,7150000.0,6050000.0,23.0,1.83,75.0,75.0,1.0,3.0,3.0,75.0,59.0,60.0,76.0,60.0,72.0,61.0,48.0,71.0,78.0,80.0,78.0,71.0,79.0,72.0,69.0,78.0,83.0,74.0,57.0,75.0,71.0,71.0,70.0,50.0,65.0,74.0,72.0,75.0,68.0
521,Lucas Höler,21.0,4.0,6.0,448.0,1793.0,7150000.0,990000.0,27.0,1.84,71.0,72.0,1.0,2.0,2.0,45.0,74.0,75.0,57.0,69.0,57.0,50.0,38.0,41.0,58.0,67.0,73.0,63.0,76.0,64.0,78.0,80.0,81.0,80.0,65.0,70.0,33.0,76.0,54.0,57.0,59.0,38.0,29.0,72.0,40.0
522,Sofiane Boufal,18.0,5.0,4.0,289.0,1445.0,7150000.0,8800000.0,28.0,1.75,74.0,74.0,2.0,4.0,4.0,70.0,62.0,35.0,75.0,70.0,79.0,75.0,63.0,65.0,79.0,81.0,77.0,89.0,63.0,84.0,70.0,38.0,51.0,52.0,65.0,47.0,19.0,73.0,73.0,69.0,72.0,40.0,32.0,74.0,16.0
523,Rogelio Funes Mori,18.0,7.0,0.0,197.0,1379.0,7150000.0,4680000.0,30.0,1.86,77.0,77.0,1.0,4.0,4.0,65.0,83.0,77.0,70.0,74.0,75.0,75.0,58.0,65.0,74.0,80.0,75.0,74.0,73.0,66.0,75.0,82.0,82.0,81.0,69.0,78.0,49.0,78.0,72.0,73.0,72.0,45.0,44.0,77.0,25.0
526,Hugo Ekitike,19.0,8.0,4.0,121.0,964.0,6600000.0,660000.0,19.0,1.9,62.0,79.0,1.0,3.0,3.0,35.0,63.0,69.0,53.0,54.0,60.0,49.0,34.0,36.0,62.0,71.0,69.0,64.0,51.0,66.0,63.0,74.0,60.0,71.0,52.0,59.0,11.0,60.0,57.0,63.0,59.0,17.0,16.0,64.0,21.0
527,Luis Henrique,17.0,1.0,1.0,565.0,565.0,6600000.0,5500000.0,20.0,1.81,74.0,82.0,1.0,3.0,3.0,76.0,65.0,67.0,74.0,59.0,78.0,59.0,41.0,63.0,73.0,86.0,83.0,73.0,60.0,64.0,76.0,54.0,72.0,77.0,68.0,49.0,24.0,69.0,73.0,63.0,67.0,34.0,31.0,75.0,40.0
528,Elye Wahi,19.0,4.0,0.0,196.0,783.0,6600000.0,0.0,19.0,1.84,70.0,81.0,1.0,4.0,4.0,54.0,69.0,58.0,66.0,63.0,76.0,62.0,58.0,53.0,74.0,86.0,83.0,78.0,65.0,72.0,71.0,77.0,56.0,69.0,66.0,57.0,28.0,69.0,64.0,64.0,68.0,29.0,23.0,72.0,25.0
529,El Bilal Touré,15.0,1.0,2.0,908.0,908.0,6600000.0,165000.0,20.0,1.85,69.0,80.0,1.0,3.0,3.0,44.0,74.0,65.0,63.0,58.0,69.0,54.0,42.0,42.0,70.0,72.0,74.0,68.0,64.0,65.0,73.0,65.0,64.0,73.0,63.0,49.0,17.0,69.0,59.0,71.0,60.0,14.0,19.0,71.0,19.0
530,Sebastiano Esposito,18.0,4.0,5.0,218.0,870.0,6600000.0,6600000.0,19.0,1.87,68.0,85.0,1.0,3.0,3.0,67.0,67.0,63.0,68.0,62.0,74.0,75.0,74.0,65.0,75.0,71.0,71.0,71.0,62.0,70.0,69.0,62.0,63.0,63.0,67.0,45.0,30.0,65.0,61.0,67.0,64.0,50.0,35.0,70.0,24.0
532,Konrad de la Fuente,21.0,0.0,3.0,0.0,1000.0,6600000.0,4400000.0,20.0,1.76,72.0,82.0,1.0,4.0,3.0,74.0,67.0,37.0,71.0,56.0,75.0,64.0,45.0,57.0,73.0,85.0,81.0,77.0,60.0,84.0,64.0,51.0,47.0,57.0,60.0,31.0,13.0,66.0,72.0,64.0,54.0,22.0,17.0,73.0,15.0
533,Eddie Salcedo,10.0,2.0,0.0,246.0,492.0,6600000.0,6600000.0,20.0,1.78,70.0,82.0,1.0,3.0,4.0,61.0,63.0,67.0,71.0,53.0,78.0,52.0,45.0,54.0,79.0,79.0,77.0,83.0,64.0,79.0,62.0,80.0,58.0,49.0,64.0,46.0,40.0,65.0,55.0,63.0,51.0,32.0,35.0,71.0,36.0
535,Rémi Oudin,17.0,3.0,3.0,327.0,982.0,6600000.0,12100000.0,25.0,1.86,74.0,77.0,1.0,3.0,3.0,72.0,71.0,69.0,74.0,69.0,74.0,78.0,72.0,66.0,75.0,70.0,74.0,72.0,72.0,69.0,73.0,78.0,73.0,72.0,71.0,42.0,26.0,73.0,72.0,68.0,74.0,27.0,23.0,75.0,37.0
536,Emanuel Vignato,16.0,0.0,1.0,0.0,445.0,6600000.0,4950000.0,21.0,1.75,71.0,82.0,1.0,4.0,4.0,65.0,61.0,51.0,74.0,59.0,77.0,69.0,61.0,73.0,76.0,77.0,69.0,78.0,61.0,75.0,61.0,53.0,65.0,42.0,63.0,39.0,30.0,63.0,69.0,55.0,66.0,37.0,35.0,73.0,43.0
537,Wesley,7.0,0.0,0.0,0.0,105.0,6600000.0,6600000.0,25.0,1.91,76.0,80.0,1.0,3.0,3.0,58.0,74.0,76.0,72.0,74.0,71.0,57.0,49.0,68.0,77.0,54.0,76.0,53.0,73.0,45.0,84.0,70.0,64.0,91.0,72.0,83.0,37.0,77.0,71.0,69.0,76.0,37.0,15.0,78.0,35.0
539,Irvin Cardona,21.0,2.0,1.0,484.0,967.0,6600000.0,1650000.0,24.0,1.85,73.0,77.0,1.0,3.0,3.0,56.0,75.0,63.0,74.0,77.0,73.0,68.0,58.0,58.0,74.0,74.0,73.0,70.0,69.0,63.0,78.0,80.0,70.0,71.0,68.0,28.0,24.0,78.0,72.0,72.0,67.0,17.0,20.0,75.0,27.0
542,Alberth Elis,13.0,7.0,0.0,146.0,1019.0,6600000.0,6600000.0,25.0,1.8,75.0,78.0,1.0,4.0,4.0,58.0,75.0,70.0,65.0,66.0,79.0,59.0,57.0,58.0,77.0,91.0,89.0,81.0,74.0,64.0,72.0,80.0,75.0,72.0,65.0,74.0,33.0,73.0,73.0,65.0,69.0,21.0,25.0,77.0,27.0
543,Gyrano Kerk,17.0,2.0,2.0,615.0,1230.0,6600000.0,6600000.0,26.0,1.84,75.0,77.0,1.0,2.0,3.0,68.0,72.0,61.0,68.0,67.0,74.0,65.0,34.0,57.0,73.0,93.0,93.0,81.0,73.0,81.0,72.0,78.0,82.0,78.0,66.0,55.0,32.0,75.0,70.0,52.0,72.0,21.0,20.0,76.0,43.0
544,Patrick Cutrone,19.0,2.0,1.0,506.0,1011.0,6600000.0,6600000.0,24.0,1.83,73.0,78.0,1.0,3.0,3.0,48.0,76.0,73.0,64.0,70.0,70.0,66.0,42.0,44.0,73.0,69.0,74.0,68.0,72.0,74.0,72.0,74.0,66.0,72.0,60.0,62.0,14.0,78.0,56.0,68.0,72.0,20.0,18.0,75.0,36.0
545,Vedat Muriqi,14.0,0.0,1.0,0.0,313.0,6600000.0,13200000.0,27.0,1.94,75.0,76.0,1.0,3.0,3.0,35.0,77.0,79.0,70.0,70.0,69.0,58.0,30.0,42.0,74.0,44.0,66.0,49.0,75.0,36.0,78.0,62.0,75.0,91.0,67.0,73.0,18.0,77.0,63.0,71.0,73.0,25.0,22.0,75.0,23.0
546,Shon Weissman,23.0,12.0,2.0,148.0,1772.0,6600000.0,6600000.0,25.0,1.74,77.0,81.0,1.0,4.0,3.0,58.0,82.0,79.0,71.0,79.0,69.0,63.0,48.0,60.0,73.0,74.0,80.0,68.0,73.0,78.0,78.0,76.0,69.0,71.0,71.0,65.0,28.0,83.0,68.0,79.0,79.0,24.0,22.0,79.0,29.0
550,Romarinho,16.0,10.0,2.0,137.0,1371.0,6600000.0,4400000.0,31.0,1.76,77.0,77.0,2.0,4.0,4.0,66.0,78.0,66.0,74.0,68.0,80.0,70.0,71.0,73.0,78.0,86.0,86.0,88.0,77.0,85.0,73.0,71.0,83.0,64.0,69.0,38.0,28.0,80.0,68.0,74.0,76.0,22.0,23.0,77.0,30.0
552,Callum Robinson,25.0,6.0,6.0,265.0,1588.0,6600000.0,6050000.0,26.0,1.78,73.0,76.0,1.0,3.0,3.0,69.0,76.0,63.0,66.0,62.0,75.0,57.0,55.0,52.0,74.0,77.0,80.0,79.0,74.0,68.0,74.0,47.0,65.0,66.0,69.0,46.0,25.0,74.0,73.0,61.0,68.0,21.0,21.0,75.0,42.0
553,Rony Lopes,17.0,2.0,2.0,349.0,697.0,6600000.0,6600000.0,26.0,1.74,73.0,73.0,1.0,4.0,4.0,69.0,79.0,55.0,68.0,65.0,75.0,64.0,66.0,62.0,71.0,80.0,80.0,74.0,67.0,73.0,78.0,65.0,81.0,76.0,75.0,64.0,33.0,74.0,68.0,68.0,75.0,33.0,25.0,73.0,45.0
556,Munas Dabbur,16.0,5.0,4.0,155.0,775.0,6600000.0,11000000.0,29.0,1.82,76.0,76.0,2.0,4.0,4.0,50.0,79.0,78.0,73.0,74.0,76.0,74.0,66.0,62.0,77.0,73.0,67.0,77.0,77.0,73.0,76.0,90.0,75.0,74.0,69.0,39.0,19.0,80.0,69.0,63.0,76.0,37.0,27.0,76.0,22.0
557,Cristian Tello,19.0,3.0,1.0,288.0,864.0,6600000.0,8800000.0,30.0,1.78,79.0,79.0,2.0,4.0,4.0,75.0,77.0,47.0,74.0,75.0,83.0,82.0,78.0,70.0,78.0,88.0,90.0,79.0,73.0,79.0,81.0,71.0,72.0,61.0,70.0,48.0,39.0,78.0,71.0,56.0,71.0,49.0,42.0,79.0,55.0
558,Chris Wood,22.0,3.0,0.0,549.0,1647.0,6600000.0,6600000.0,30.0,1.91,79.0,79.0,1.0,3.0,2.0,46.0,81.0,87.0,68.0,74.0,69.0,69.0,64.0,48.0,77.0,60.0,68.0,55.0,77.0,59.0,81.0,79.0,76.0,86.0,72.0,77.0,40.0,80.0,64.0,81.0,77.0,30.0,29.0,79.0,39.0
560,Jordan Ayew,20.0,1.0,2.0,1414.0,1414.0,6600000.0,8800000.0,30.0,1.82,75.0,75.0,2.0,3.0,4.0,71.0,74.0,75.0,73.0,73.0,79.0,75.0,69.0,60.0,77.0,74.0,78.0,79.0,75.0,74.0,76.0,71.0,75.0,72.0,73.0,69.0,40.0,76.0,71.0,74.0,70.0,52.0,36.0,75.0,37.0
562,Joselu,21.0,10.0,2.0,170.0,1700.0,6600000.0,4400000.0,31.0,1.92,67.0,67.0,1.0,3.0,3.0,58.0,65.0,68.0,66.0,68.0,63.0,62.0,68.0,55.0,63.0,81.0,79.0,75.0,63.0,83.0,71.0,74.0,86.0,74.0,65.0,74.0,52.0,64.0,52.0,73.0,64.0,42.0,35.0,67.0,29.0
